-- Hospital_Management_System_Sample_Data.sql
-- Auto-generated from CSV exports, matched to schema.sql.sql column types
-- Load order: parent tables first, then child tables
SET DEFINE OFF;

-- ============ DEPARTMENTS ============
INSERT INTO DEPARTMENTS (DEPARTMENT_ID,DEPARTMENT_NAME,FLOOR_NO,STATUS) VALUES (1,'Cardiology','1','Active');
INSERT INTO DEPARTMENTS (DEPARTMENT_ID,DEPARTMENT_NAME,FLOOR_NO,STATUS) VALUES (2,'Pediatrics','2','Active');
INSERT INTO DEPARTMENTS (DEPARTMENT_ID,DEPARTMENT_NAME,FLOOR_NO,STATUS) VALUES (3,'Emergency','Ground','Active');
INSERT INTO DEPARTMENTS (DEPARTMENT_ID,DEPARTMENT_NAME,FLOOR_NO,STATUS) VALUES (4,'Orthopedics','3','Active');
INSERT INTO DEPARTMENTS (DEPARTMENT_ID,DEPARTMENT_NAME,FLOOR_NO,STATUS) VALUES (5,'Dermatology','2','Active');
INSERT INTO DEPARTMENTS (DEPARTMENT_ID,DEPARTMENT_NAME,FLOOR_NO,STATUS) VALUES (6,'General Medicine','1','Active');
COMMIT;

-- ============ DOCTOR_SPECIALTIES ============
INSERT INTO DOCTOR_SPECIALTIES (SPECIALTY_ID,SPECIALTY_NAME,STATUS) VALUES (1,'Cardiologist','Active');
INSERT INTO DOCTOR_SPECIALTIES (SPECIALTY_ID,SPECIALTY_NAME,STATUS) VALUES (2,'Pediatrician','Active');
INSERT INTO DOCTOR_SPECIALTIES (SPECIALTY_ID,SPECIALTY_NAME,STATUS) VALUES (3,'Surgeon','Active');
INSERT INTO DOCTOR_SPECIALTIES (SPECIALTY_ID,SPECIALTY_NAME,STATUS) VALUES (4,'Orthopedic Surgeon','Active');
INSERT INTO DOCTOR_SPECIALTIES (SPECIALTY_ID,SPECIALTY_NAME,STATUS) VALUES (5,'Dermatologist','Active');
INSERT INTO DOCTOR_SPECIALTIES (SPECIALTY_ID,SPECIALTY_NAME,STATUS) VALUES (6,'General Physician','Active');
INSERT INTO DOCTOR_SPECIALTIES (SPECIALTY_ID,SPECIALTY_NAME,STATUS) VALUES (7,'Emergency Medicine Specialist','Active');
COMMIT;

-- ============ MEDICINE_CATEGORIES ============
INSERT INTO MEDICINE_CATEGORIES (CATEGORY_ID,CATEGORY_NAME,STATUS) VALUES (2,'Painkiller','Active');
INSERT INTO MEDICINE_CATEGORIES (CATEGORY_ID,CATEGORY_NAME,STATUS) VALUES (3,'Diabetes','Active');
INSERT INTO MEDICINE_CATEGORIES (CATEGORY_ID,CATEGORY_NAME,STATUS) VALUES (4,'Cardiac','Active');
INSERT INTO MEDICINE_CATEGORIES (CATEGORY_ID,CATEGORY_NAME,STATUS) VALUES (5,'Vitamin/Supplement','Active');
INSERT INTO MEDICINE_CATEGORIES (CATEGORY_ID,CATEGORY_NAME,STATUS) VALUES (6,'Antihistamine','Active');
INSERT INTO MEDICINE_CATEGORIES (CATEGORY_ID,CATEGORY_NAME,STATUS) VALUES (1,'Antibiotic','Active');
COMMIT;

-- ============ APPOINTMENT_STATUSES ============
INSERT INTO APPOINTMENT_STATUSES (STATUS_ID,STATUS_NAME) VALUES (3,'Cancelled');
INSERT INTO APPOINTMENT_STATUSES (STATUS_ID,STATUS_NAME) VALUES (2,'Completed');
INSERT INTO APPOINTMENT_STATUSES (STATUS_ID,STATUS_NAME) VALUES (4,'No Show');
INSERT INTO APPOINTMENT_STATUSES (STATUS_ID,STATUS_NAME) VALUES (1,'Scheduled');
COMMIT;

-- ============ PATIENTS ============
INSERT INTO PATIENTS (PATIENT_ID,CIVIL_ID,FULL_NAME,GENDER,DATE_OF_BIRTH,MOBILE_NO,EMAIL,BLOOD_GROUP,ADDRESS,EMERGENCY_CONTACT_NAME,EMERGENCY_CONTACT_NO,CREATED_AT) VALUES (3,'10002','Layla Al-Balushi','Female',TO_DATE('1990-07-25 00:00:00','YYYY-MM-DD HH24:MI:SS'),'91112235','layla.b@email.com','A+','Muscat, Ruwi','Ahmed Al-Balushi','91112236',TO_DATE('2026-07-12 10:51:19','YYYY-MM-DD HH24:MI:SS'));
INSERT INTO PATIENTS (PATIENT_ID,CIVIL_ID,FULL_NAME,GENDER,DATE_OF_BIRTH,MOBILE_NO,EMAIL,BLOOD_GROUP,ADDRESS,EMERGENCY_CONTACT_NAME,EMERGENCY_CONTACT_NO,CREATED_AT) VALUES (4,'10003','Saeed Al-Rashdi','Male',TO_DATE('1978-11-02 00:00:00','YYYY-MM-DD HH24:MI:SS'),'91112237',NULL,'B+','Muscat, Qurum','Aisha Al-Rashdi','91112238',TO_DATE('2026-07-12 10:51:19','YYYY-MM-DD HH24:MI:SS'));
INSERT INTO PATIENTS (PATIENT_ID,CIVIL_ID,FULL_NAME,GENDER,DATE_OF_BIRTH,MOBILE_NO,EMAIL,BLOOD_GROUP,ADDRESS,EMERGENCY_CONTACT_NAME,EMERGENCY_CONTACT_NO,CREATED_AT) VALUES (5,'10004','Noura Al-Hinai','Female',TO_DATE('1995-01-30 00:00:00','YYYY-MM-DD HH24:MI:SS'),'91112239','noura.h@email.com','AB+','Muscat, Al Ghubra','Khalid Al-Hinai','91112240',TO_DATE('2026-07-12 10:51:19','YYYY-MM-DD HH24:MI:SS'));
INSERT INTO PATIENTS (PATIENT_ID,CIVIL_ID,FULL_NAME,GENDER,DATE_OF_BIRTH,MOBILE_NO,EMAIL,BLOOD_GROUP,ADDRESS,EMERGENCY_CONTACT_NAME,EMERGENCY_CONTACT_NO,CREATED_AT) VALUES (6,'10005','Yousuf Al-Kindi','Male',TO_DATE('1982-06-18 00:00:00','YYYY-MM-DD HH24:MI:SS'),'91112241',NULL,'O-','Muscat, Bousher','Mariam Al-Kindi','91112242',TO_DATE('2026-07-12 10:51:19','YYYY-MM-DD HH24:MI:SS'));
INSERT INTO PATIENTS (PATIENT_ID,CIVIL_ID,FULL_NAME,GENDER,DATE_OF_BIRTH,MOBILE_NO,EMAIL,BLOOD_GROUP,ADDRESS,EMERGENCY_CONTACT_NAME,EMERGENCY_CONTACT_NO,CREATED_AT) VALUES (7,'10006','Amina Al-Habsi','Female',TO_DATE('1988-04-14 00:00:00','YYYY-MM-DD HH24:MI:SS'),'91112243','amina.h@email.com','B-','Muscat, Seeb','Faisal Al-Habsi','91112244',TO_DATE('2026-07-12 10:52:22','YYYY-MM-DD HH24:MI:SS'));
INSERT INTO PATIENTS (PATIENT_ID,CIVIL_ID,FULL_NAME,GENDER,DATE_OF_BIRTH,MOBILE_NO,EMAIL,BLOOD_GROUP,ADDRESS,EMERGENCY_CONTACT_NAME,EMERGENCY_CONTACT_NO,CREATED_AT) VALUES (8,'10007','Hamed Al-Zadjali','Male',TO_DATE('1975-09-08 00:00:00','YYYY-MM-DD HH24:MI:SS'),'91112245',NULL,'AB-','Muscat, Muttrah','Zainab Al-Zadjali','91112246',TO_DATE('2026-07-12 10:52:22','YYYY-MM-DD HH24:MI:SS'));
INSERT INTO PATIENTS (PATIENT_ID,CIVIL_ID,FULL_NAME,GENDER,DATE_OF_BIRTH,MOBILE_NO,EMAIL,BLOOD_GROUP,ADDRESS,EMERGENCY_CONTACT_NAME,EMERGENCY_CONTACT_NO,CREATED_AT) VALUES (9,'10008','Zainab Al-Rawahi','Female',TO_DATE('1993-12-20 00:00:00','YYYY-MM-DD HH24:MI:SS'),'91112247','zainab.r@email.com','A-','Muscat, Al Amerat','Hilal Al-Rawahi','91112248',TO_DATE('2026-07-12 10:52:22','YYYY-MM-DD HH24:MI:SS'));
INSERT INTO PATIENTS (PATIENT_ID,CIVIL_ID,FULL_NAME,GENDER,DATE_OF_BIRTH,MOBILE_NO,EMAIL,BLOOD_GROUP,ADDRESS,EMERGENCY_CONTACT_NAME,EMERGENCY_CONTACT_NO,CREATED_AT) VALUES (10,'10009','Sultan Al-Maskari','Male',TO_DATE('1980-02-17 00:00:00','YYYY-MM-DD HH24:MI:SS'),'91112249',NULL,'O+','Muscat, Al Khoud','Huda Al-Maskari','91112250',TO_DATE('2026-07-12 10:52:22','YYYY-MM-DD HH24:MI:SS'));
INSERT INTO PATIENTS (PATIENT_ID,CIVIL_ID,FULL_NAME,GENDER,DATE_OF_BIRTH,MOBILE_NO,EMAIL,BLOOD_GROUP,ADDRESS,EMERGENCY_CONTACT_NAME,EMERGENCY_CONTACT_NO,CREATED_AT) VALUES (11,'10010','Maryam Al-Siyabi','Female',TO_DATE('1998-05-05 00:00:00','YYYY-MM-DD HH24:MI:SS'),'91112251','maryam.s@email.com','B+','Muscat, Ghala','Nasser Al-Siyabi','91112252',TO_DATE('2026-07-12 10:52:22','YYYY-MM-DD HH24:MI:SS'));
INSERT INTO PATIENTS (PATIENT_ID,CIVIL_ID,FULL_NAME,GENDER,DATE_OF_BIRTH,MOBILE_NO,EMAIL,BLOOD_GROUP,ADDRESS,EMERGENCY_CONTACT_NAME,EMERGENCY_CONTACT_NO,CREATED_AT) VALUES (12,'10011','Ali Al-Amri','Male',TO_DATE('1970-08-23 00:00:00','YYYY-MM-DD HH24:MI:SS'),'91112253',NULL,'A+','Muscat, Wadi Kabir','Salma Al-Amri','91112254',TO_DATE('2026-07-12 10:52:22','YYYY-MM-DD HH24:MI:SS'));
INSERT INTO PATIENTS (PATIENT_ID,CIVIL_ID,FULL_NAME,GENDER,DATE_OF_BIRTH,MOBILE_NO,EMAIL,BLOOD_GROUP,ADDRESS,EMERGENCY_CONTACT_NAME,EMERGENCY_CONTACT_NO,CREATED_AT) VALUES (13,'10012','Salma Al-Harthy','Female',TO_DATE('1991-10-11 00:00:00','YYYY-MM-DD HH24:MI:SS'),'91112255','salma.h@email.com','O-','Muscat, Azaiba','Talal Al-Harthy','91112256',TO_DATE('2026-07-12 10:52:22','YYYY-MM-DD HH24:MI:SS'));
INSERT INTO PATIENTS (PATIENT_ID,CIVIL_ID,FULL_NAME,GENDER,DATE_OF_BIRTH,MOBILE_NO,EMAIL,BLOOD_GROUP,ADDRESS,EMERGENCY_CONTACT_NAME,EMERGENCY_CONTACT_NO,CREATED_AT) VALUES (14,'10013','Khalfan Al-Busaidi','Male',TO_DATE('1983-01-09 00:00:00','YYYY-MM-DD HH24:MI:SS'),'91112257','khalfan.b@email.com','B+','Muscat, Athaiba','Fatma Al-Busaidi','91112258',TO_DATE('2026-07-12 10:53:08','YYYY-MM-DD HH24:MI:SS'));
INSERT INTO PATIENTS (PATIENT_ID,CIVIL_ID,FULL_NAME,GENDER,DATE_OF_BIRTH,MOBILE_NO,EMAIL,BLOOD_GROUP,ADDRESS,EMERGENCY_CONTACT_NAME,EMERGENCY_CONTACT_NO,CREATED_AT) VALUES (15,'10014','Buthaina Al-Ismaili','Female',TO_DATE('1996-03-27 00:00:00','YYYY-MM-DD HH24:MI:SS'),'91112259',NULL,'A+','Muscat, Bawshar','Said Al-Ismaili','91112260',TO_DATE('2026-07-12 10:53:08','YYYY-MM-DD HH24:MI:SS'));
INSERT INTO PATIENTS (PATIENT_ID,CIVIL_ID,FULL_NAME,GENDER,DATE_OF_BIRTH,MOBILE_NO,EMAIL,BLOOD_GROUP,ADDRESS,EMERGENCY_CONTACT_NAME,EMERGENCY_CONTACT_NO,CREATED_AT) VALUES (16,'10015','Rashid Al-Mahrouqi','Male',TO_DATE('1972-07-15 00:00:00','YYYY-MM-DD HH24:MI:SS'),'91112261','rashid.m@email.com','O+','Muscat, Al Hail','Asma Al-Mahrouqi','91112262',TO_DATE('2026-07-12 10:53:08','YYYY-MM-DD HH24:MI:SS'));
INSERT INTO PATIENTS (PATIENT_ID,CIVIL_ID,FULL_NAME,GENDER,DATE_OF_BIRTH,MOBILE_NO,EMAIL,BLOOD_GROUP,ADDRESS,EMERGENCY_CONTACT_NAME,EMERGENCY_CONTACT_NO,CREATED_AT) VALUES (17,'10016','Asma Al-Riyami','Female',TO_DATE('1994-11-19 00:00:00','YYYY-MM-DD HH24:MI:SS'),'91112263','asma.r@email.com','AB+','Muscat, Madinat Qaboos','Hamdan Al-Riyami','91112264',TO_DATE('2026-07-12 10:53:08','YYYY-MM-DD HH24:MI:SS'));
INSERT INTO PATIENTS (PATIENT_ID,CIVIL_ID,FULL_NAME,GENDER,DATE_OF_BIRTH,MOBILE_NO,EMAIL,BLOOD_GROUP,ADDRESS,EMERGENCY_CONTACT_NAME,EMERGENCY_CONTACT_NO,CREATED_AT) VALUES (18,'10017','Hamdan Al-Shukaili','Male',TO_DATE('1979-06-30 00:00:00','YYYY-MM-DD HH24:MI:SS'),'91112265',NULL,'B-','Muscat, Al Khuwair','Layla Al-Shukaili','91112266',TO_DATE('2026-07-12 10:53:08','YYYY-MM-DD HH24:MI:SS'));
INSERT INTO PATIENTS (PATIENT_ID,CIVIL_ID,FULL_NAME,GENDER,DATE_OF_BIRTH,MOBILE_NO,EMAIL,BLOOD_GROUP,ADDRESS,EMERGENCY_CONTACT_NAME,EMERGENCY_CONTACT_NO,CREATED_AT) VALUES (19,'10018','Ghalia Al-Farsi','Female',TO_DATE('1987-09-04 00:00:00','YYYY-MM-DD HH24:MI:SS'),'91112267','ghalia.f@email.com','A-','Muscat, Ruwi','Mohammed Al-Farsi Jr','91112268',TO_DATE('2026-07-12 10:53:08','YYYY-MM-DD HH24:MI:SS'));
INSERT INTO PATIENTS (PATIENT_ID,CIVIL_ID,FULL_NAME,GENDER,DATE_OF_BIRTH,MOBILE_NO,EMAIL,BLOOD_GROUP,ADDRESS,EMERGENCY_CONTACT_NAME,EMERGENCY_CONTACT_NO,CREATED_AT) VALUES (20,'10019','Adil Al-Balushi','Male',TO_DATE('1992-04-21 00:00:00','YYYY-MM-DD HH24:MI:SS'),'91112269',NULL,'O+','Muscat, Qurum','Noora Al-Balushi','91112270',TO_DATE('2026-07-12 10:53:08','YYYY-MM-DD HH24:MI:SS'));
INSERT INTO PATIENTS (PATIENT_ID,CIVIL_ID,FULL_NAME,GENDER,DATE_OF_BIRTH,MOBILE_NO,EMAIL,BLOOD_GROUP,ADDRESS,EMERGENCY_CONTACT_NAME,EMERGENCY_CONTACT_NO,CREATED_AT) VALUES (21,'10020','Noora Al-Kindi','Female',TO_DATE('1999-02-13 00:00:00','YYYY-MM-DD HH24:MI:SS'),'91112271','noora.k@email.com','B+','Muscat, Al Ghubra','Yousuf Al-Kindi Jr','91112272',TO_DATE('2026-07-12 10:53:08','YYYY-MM-DD HH24:MI:SS'));
INSERT INTO PATIENTS (PATIENT_ID,CIVIL_ID,FULL_NAME,GENDER,DATE_OF_BIRTH,MOBILE_NO,EMAIL,BLOOD_GROUP,ADDRESS,EMERGENCY_CONTACT_NAME,EMERGENCY_CONTACT_NO,CREATED_AT) VALUES (61,'99999999','Test Patient','Male',TO_DATE('2000-01-01 00:00:00','YYYY-MM-DD HH24:MI:SS'),'99999999',NULL,NULL,NULL,NULL,NULL,TO_DATE('2026-07-14 07:45:36','YYYY-MM-DD HH24:MI:SS'));
INSERT INTO PATIENTS (PATIENT_ID,CIVIL_ID,FULL_NAME,GENDER,DATE_OF_BIRTH,MOBILE_NO,EMAIL,BLOOD_GROUP,ADDRESS,EMERGENCY_CONTACT_NAME,EMERGENCY_CONTACT_NO,CREATED_AT) VALUES (65,'30001','Manar Al-Balushi','Female',TO_DATE('1984-05-17 00:00:00','YYYY-MM-DD HH24:MI:SS'),'92334455','manar123@gmail.com','O-','Muscat, Bousher','Khalid Al-Balushi','92334466',TO_DATE('2026-07-15 00:00:00','YYYY-MM-DD HH24:MI:SS'));
INSERT INTO PATIENTS (PATIENT_ID,CIVIL_ID,FULL_NAME,GENDER,DATE_OF_BIRTH,MOBILE_NO,EMAIL,BLOOD_GROUP,ADDRESS,EMERGENCY_CONTACT_NAME,EMERGENCY_CONTACT_NO,CREATED_AT) VALUES (64,'20001','Fatma ALHashmi','Female',TO_DATE('1996-08-08 00:00:00','YYYY-MM-DD HH24:MI:SS'),'91645328','fatmahgmail.com','A+','Muscat, ALKhuwair','Said ALHashmi','91326457',TO_DATE('2026-07-16 00:00:00','YYYY-MM-DD HH24:MI:SS'));
INSERT INTO PATIENTS (PATIENT_ID,CIVIL_ID,FULL_NAME,GENDER,DATE_OF_BIRTH,MOBILE_NO,EMAIL,BLOOD_GROUP,ADDRESS,EMERGENCY_CONTACT_NAME,EMERGENCY_CONTACT_NO,CREATED_AT) VALUES (63,'100457','Test Patient','Male',TO_DATE('2011-01-01 00:00:00','YYYY-MM-DD HH24:MI:SS'),'99999921',NULL,NULL,NULL,NULL,NULL,TO_DATE('2026-07-13 00:00:00','YYYY-MM-DD HH24:MI:SS'));
INSERT INTO PATIENTS (PATIENT_ID,CIVIL_ID,FULL_NAME,GENDER,DATE_OF_BIRTH,MOBILE_NO,EMAIL,BLOOD_GROUP,ADDRESS,EMERGENCY_CONTACT_NAME,EMERGENCY_CONTACT_NO,CREATED_AT) VALUES (2,'10001','Mohammed Al-Farsi','Male',TO_DATE('1985-03-12 00:00:00','YYYY-MM-DD HH24:MI:SS'),'91112233','mfarsi@email.com','O+','Muscat, Al Khuwair','Salim Al-Farsi','91112234',TO_DATE('2026-07-12 10:50:05','YYYY-MM-DD HH24:MI:SS'));
INSERT INTO PATIENTS (PATIENT_ID,CIVIL_ID,FULL_NAME,GENDER,DATE_OF_BIRTH,MOBILE_NO,EMAIL,BLOOD_GROUP,ADDRESS,EMERGENCY_CONTACT_NAME,EMERGENCY_CONTACT_NO,CREATED_AT) VALUES (44,'123458','Faisal Ali alshihy','Male',TO_DATE('2018-07-18 00:00:00','YYYY-MM-DD HH24:MI:SS'),'99924568','faisal1234@gamil.com','A+','MCT','ALI','95681235',TO_DATE('2026-07-13 00:00:00','YYYY-MM-DD HH24:MI:SS'));
INSERT INTO PATIENTS (PATIENT_ID,CIVIL_ID,FULL_NAME,GENDER,DATE_OF_BIRTH,MOBILE_NO,EMAIL,BLOOD_GROUP,ADDRESS,EMERGENCY_CONTACT_NAME,EMERGENCY_CONTACT_NO,CREATED_AT) VALUES (62,'1234','kawther Ali','Female',TO_DATE('2012-08-14 00:00:00','YYYY-MM-DD HH24:MI:SS'),'97864531',';awther12@gmail.com','A+','MCT','Ali','97561235',TO_DATE('2026-07-14 00:00:00','YYYY-MM-DD HH24:MI:SS'));
COMMIT;

-- ============ DOCTORS ============
INSERT INTO DOCTORS (DOCTOR_ID,FULL_NAME,DEPARTMENT_ID,SPECIALTY_ID,MOBILE_NO,EMAIL,CONSULTATION_FEE,STATUS) VALUES (6,'Dr. Khalid Al-Amri',6,7,'99123460','khalid.amri@alnoor.com',40,'Active');
INSERT INTO DOCTORS (DOCTOR_ID,FULL_NAME,DEPARTMENT_ID,SPECIALTY_ID,MOBILE_NO,EMAIL,CONSULTATION_FEE,STATUS) VALUES (7,'Dr. Yousef Al-Harthy',5,5,'99123461','yousef.harthy@alnoor.com',22,'Active');
INSERT INTO DOCTORS (DOCTOR_ID,FULL_NAME,DEPARTMENT_ID,SPECIALTY_ID,MOBILE_NO,EMAIL,CONSULTATION_FEE,STATUS) VALUES (8,'Dr. Aisha Al-Zadjali',6,6,'99123462','aisha.zadjali@alnoor.com',18,'Active');
INSERT INTO DOCTORS (DOCTOR_ID,FULL_NAME,DEPARTMENT_ID,SPECIALTY_ID,MOBILE_NO,EMAIL,CONSULTATION_FEE,STATUS) VALUES (9,'Dr. Nasser Al-Habsi',4,3,'99123469','nasser.habsi@alnoor.com',38,'Active');
INSERT INTO DOCTORS (DOCTOR_ID,FULL_NAME,DEPARTMENT_ID,SPECIALTY_ID,MOBILE_NO,EMAIL,CONSULTATION_FEE,STATUS) VALUES (10,'Dr. Huda Al-Saadi',1,1,'99123464','huda.saadi@alnoor.com',27,'Active');
INSERT INTO DOCTORS (DOCTOR_ID,FULL_NAME,DEPARTMENT_ID,SPECIALTY_ID,MOBILE_NO,EMAIL,CONSULTATION_FEE,STATUS) VALUES (11,'Dr. Talal Al-Rawahi',3,7,'99123465','talal.rawahi@alnoor.com',32,'Active');
INSERT INTO DOCTORS (DOCTOR_ID,FULL_NAME,DEPARTMENT_ID,SPECIALTY_ID,MOBILE_NO,EMAIL,CONSULTATION_FEE,STATUS) VALUES (1,'Dr. Ahmed Al-Balushi',1,1,'99123456','ahmed.balushi@alnoor.com',25,'Active');
INSERT INTO DOCTORS (DOCTOR_ID,FULL_NAME,DEPARTMENT_ID,SPECIALTY_ID,MOBILE_NO,EMAIL,CONSULTATION_FEE,STATUS) VALUES (2,'Dr. Fatma Al-Hinai',2,2,'99123457','fatma.hinai@alnoor.com',20,'Active');
INSERT INTO DOCTORS (DOCTOR_ID,FULL_NAME,DEPARTMENT_ID,SPECIALTY_ID,MOBILE_NO,EMAIL,CONSULTATION_FEE,STATUS) VALUES (3,'Dr. Salim Al-Rashdi',3,7,'99123458','salim.rashdi@alnoor.com',30,'Active');
INSERT INTO DOCTORS (DOCTOR_ID,FULL_NAME,DEPARTMENT_ID,SPECIALTY_ID,MOBILE_NO,EMAIL,CONSULTATION_FEE,STATUS) VALUES (4,'Dr. Mariam Al-Kindi',4,4,'99123459','mariam.kindi@alnoor.com',35,'Active');
COMMIT;

-- ============ ROOMS ============
INSERT INTO ROOMS (ROOM_ID,ROOM_NO,ROOM_TYPE,DAILY_RATE,STATUS) VALUES (2,'102','General',50,'Available');
INSERT INTO ROOMS (ROOM_ID,ROOM_NO,ROOM_TYPE,DAILY_RATE,STATUS) VALUES (3,'103','General',50,'Occupied');
INSERT INTO ROOMS (ROOM_ID,ROOM_NO,ROOM_TYPE,DAILY_RATE,STATUS) VALUES (4,'201','Private',150,'Occupied');
INSERT INTO ROOMS (ROOM_ID,ROOM_NO,ROOM_TYPE,DAILY_RATE,STATUS) VALUES (5,'202','Private',150,'Available');
INSERT INTO ROOMS (ROOM_ID,ROOM_NO,ROOM_TYPE,DAILY_RATE,STATUS) VALUES (6,'203','Private',150,'Available');
INSERT INTO ROOMS (ROOM_ID,ROOM_NO,ROOM_TYPE,DAILY_RATE,STATUS) VALUES (7,'301','ICU',400,'Occupied');
INSERT INTO ROOMS (ROOM_ID,ROOM_NO,ROOM_TYPE,DAILY_RATE,STATUS) VALUES (8,'302','ICU',400,'Available');
INSERT INTO ROOMS (ROOM_ID,ROOM_NO,ROOM_TYPE,DAILY_RATE,STATUS) VALUES (1,'101','General',50,'Occupied');
COMMIT;

-- ============ MEDICINES ============
INSERT INTO MEDICINES (MEDICINE_ID,MEDICINE_NAME,CATEGORY_ID,UNIT,CURRENT_STOCK,REORDER_LEVEL,STATUS) VALUES (20,'Chlorpheniramine 4mg',6,'Syrup',95,25,'Active');
INSERT INTO MEDICINES (MEDICINE_ID,MEDICINE_NAME,CATEGORY_ID,UNIT,CURRENT_STOCK,REORDER_LEVEL,STATUS) VALUES (21,'Test Medicine',4,'Tablet',10,5,'Active');
INSERT INTO MEDICINES (MEDICINE_ID,MEDICINE_NAME,CATEGORY_ID,UNIT,CURRENT_STOCK,REORDER_LEVEL,STATUS) VALUES (6,'Metformin 500mg',3,'Tablet',180,50,'Active');
INSERT INTO MEDICINES (MEDICINE_ID,MEDICINE_NAME,CATEGORY_ID,UNIT,CURRENT_STOCK,REORDER_LEVEL,STATUS) VALUES (8,'Gliclazide 80mg',3,'Tablet',120,40,'Active');
INSERT INTO MEDICINES (MEDICINE_ID,MEDICINE_NAME,CATEGORY_ID,UNIT,CURRENT_STOCK,REORDER_LEVEL,STATUS) VALUES (9,'Insulin Aspart',3,'Injection',10,20,'Active');
INSERT INTO MEDICINES (MEDICINE_ID,MEDICINE_NAME,CATEGORY_ID,UNIT,CURRENT_STOCK,REORDER_LEVEL,STATUS) VALUES (10,'Atorvastatin 20mg',4,'Tablet',200,50,'Active');
INSERT INTO MEDICINES (MEDICINE_ID,MEDICINE_NAME,CATEGORY_ID,UNIT,CURRENT_STOCK,REORDER_LEVEL,STATUS) VALUES (11,'Amlodipine 5mg',4,'Tablet',170,40,'Active');
INSERT INTO MEDICINES (MEDICINE_ID,MEDICINE_NAME,CATEGORY_ID,UNIT,CURRENT_STOCK,REORDER_LEVEL,STATUS) VALUES (12,'Aspirin 75mg',4,'Tablet',25,45,'Active');
INSERT INTO MEDICINES (MEDICINE_ID,MEDICINE_NAME,CATEGORY_ID,UNIT,CURRENT_STOCK,REORDER_LEVEL,STATUS) VALUES (1,'Amoxicillin 500mg',1,'Tablet',200,50,'Active');
INSERT INTO MEDICINES (MEDICINE_ID,MEDICINE_NAME,CATEGORY_ID,UNIT,CURRENT_STOCK,REORDER_LEVEL,STATUS) VALUES (2,'Azithromycin 250mg',1,'Tablet',30,40,'Active');
INSERT INTO MEDICINES (MEDICINE_ID,MEDICINE_NAME,CATEGORY_ID,UNIT,CURRENT_STOCK,REORDER_LEVEL,STATUS) VALUES (3,'Ciprofloxacin 500mg',1,'Tablet',150,40,'Active');
INSERT INTO MEDICINES (MEDICINE_ID,MEDICINE_NAME,CATEGORY_ID,UNIT,CURRENT_STOCK,REORDER_LEVEL,STATUS) VALUES (4,'Paracetamol 500mg',2,'Tablet',300,60,'Active');
INSERT INTO MEDICINES (MEDICINE_ID,MEDICINE_NAME,CATEGORY_ID,UNIT,CURRENT_STOCK,REORDER_LEVEL,STATUS) VALUES (5,'Ibuprofen 400mg',2,'Tablet',20,50,'Active');
INSERT INTO MEDICINES (MEDICINE_ID,MEDICINE_NAME,CATEGORY_ID,UNIT,CURRENT_STOCK,REORDER_LEVEL,STATUS) VALUES (13,'Bisoprolol 5mg',4,'Tablet',110,30,'Active');
INSERT INTO MEDICINES (MEDICINE_ID,MEDICINE_NAME,CATEGORY_ID,UNIT,CURRENT_STOCK,REORDER_LEVEL,STATUS) VALUES (14,'Vitamin D3 1000IU',5,'Tablet',250,50,'Active');
INSERT INTO MEDICINES (MEDICINE_ID,MEDICINE_NAME,CATEGORY_ID,UNIT,CURRENT_STOCK,REORDER_LEVEL,STATUS) VALUES (15,'Multivitamin Complex',5,'Tablet',180,40,'Active');
INSERT INTO MEDICINES (MEDICINE_ID,MEDICINE_NAME,CATEGORY_ID,UNIT,CURRENT_STOCK,REORDER_LEVEL,STATUS) VALUES (16,'Vitamin C 500mg',5,'Tablet',15,40,'Active');
INSERT INTO MEDICINES (MEDICINE_ID,MEDICINE_NAME,CATEGORY_ID,UNIT,CURRENT_STOCK,REORDER_LEVEL,STATUS) VALUES (17,'Calcium + Vitamin D',5,'Tablet',130,30,'Active');
INSERT INTO MEDICINES (MEDICINE_ID,MEDICINE_NAME,CATEGORY_ID,UNIT,CURRENT_STOCK,REORDER_LEVEL,STATUS) VALUES (18,'Cetirizine 10mg',6,'Tablet',200,50,'Active');
INSERT INTO MEDICINES (MEDICINE_ID,MEDICINE_NAME,CATEGORY_ID,UNIT,CURRENT_STOCK,REORDER_LEVEL,STATUS) VALUES (19,'Loratadine 10mg',6,'Tablet',18,35,'Active');
COMMIT;

-- ============ APPOINTMENTS ============
INSERT INTO APPOINTMENTS (APPOINTMENT_ID,PATIENT_ID,DOCTOR_ID,APPOINTMENT_DATE,APPOINTMENT_TIME,STATUS_ID,REASON_FOR_VISIT,CREATED_AT) VALUES (2,2,1,TO_DATE('2026-06-10 00:00:00','YYYY-MM-DD HH24:MI:SS'),'7/1/2026',2,'Chest pain checkup',TO_DATE('2026-07-12 10:56:06','YYYY-MM-DD HH24:MI:SS'));
INSERT INTO APPOINTMENTS (APPOINTMENT_ID,PATIENT_ID,DOCTOR_ID,APPOINTMENT_DATE,APPOINTMENT_TIME,STATUS_ID,REASON_FOR_VISIT,CREATED_AT) VALUES (3,3,2,TO_DATE('2026-06-11 00:00:00','YYYY-MM-DD HH24:MI:SS'),'7/1/2026',2,'Child fever',TO_DATE('2026-07-12 10:56:06','YYYY-MM-DD HH24:MI:SS'));
INSERT INTO APPOINTMENTS (APPOINTMENT_ID,PATIENT_ID,DOCTOR_ID,APPOINTMENT_DATE,APPOINTMENT_TIME,STATUS_ID,REASON_FOR_VISIT,CREATED_AT) VALUES (4,4,3,TO_DATE('2026-06-12 00:00:00','YYYY-MM-DD HH24:MI:SS'),'7/1/2026',2,'Emergency abdominal pain',TO_DATE('2026-07-12 10:56:06','YYYY-MM-DD HH24:MI:SS'));
INSERT INTO APPOINTMENTS (APPOINTMENT_ID,PATIENT_ID,DOCTOR_ID,APPOINTMENT_DATE,APPOINTMENT_TIME,STATUS_ID,REASON_FOR_VISIT,CREATED_AT) VALUES (5,5,4,TO_DATE('2026-06-15 00:00:00','YYYY-MM-DD HH24:MI:SS'),'7/1/2026',2,'Knee pain follow-up',TO_DATE('2026-07-12 10:56:06','YYYY-MM-DD HH24:MI:SS'));
INSERT INTO APPOINTMENTS (APPOINTMENT_ID,PATIENT_ID,DOCTOR_ID,APPOINTMENT_DATE,APPOINTMENT_TIME,STATUS_ID,REASON_FOR_VISIT,CREATED_AT) VALUES (6,6,6,TO_DATE('2026-06-18 00:00:00','YYYY-MM-DD HH24:MI:SS'),'7/1/2026',2,'General checkup',TO_DATE('2026-07-12 10:56:06','YYYY-MM-DD HH24:MI:SS'));
INSERT INTO APPOINTMENTS (APPOINTMENT_ID,PATIENT_ID,DOCTOR_ID,APPOINTMENT_DATE,APPOINTMENT_TIME,STATUS_ID,REASON_FOR_VISIT,CREATED_AT) VALUES (7,7,7,TO_DATE('2026-06-20 00:00:00','YYYY-MM-DD HH24:MI:SS'),'7/1/2026',2,'Skin rash',TO_DATE('2026-07-12 10:56:06','YYYY-MM-DD HH24:MI:SS'));
INSERT INTO APPOINTMENTS (APPOINTMENT_ID,PATIENT_ID,DOCTOR_ID,APPOINTMENT_DATE,APPOINTMENT_TIME,STATUS_ID,REASON_FOR_VISIT,CREATED_AT) VALUES (8,8,8,TO_DATE('2026-06-22 00:00:00','YYYY-MM-DD HH24:MI:SS'),'7/1/2026',2,'Routine physical',TO_DATE('2026-07-12 10:56:06','YYYY-MM-DD HH24:MI:SS'));
INSERT INTO APPOINTMENTS (APPOINTMENT_ID,PATIENT_ID,DOCTOR_ID,APPOINTMENT_DATE,APPOINTMENT_TIME,STATUS_ID,REASON_FOR_VISIT,CREATED_AT) VALUES (9,9,9,TO_DATE('2026-06-25 00:00:00','YYYY-MM-DD HH24:MI:SS'),'7/1/2026',2,'Shoulder surgery follow-up',TO_DATE('2026-07-12 10:56:06','YYYY-MM-DD HH24:MI:SS'));
INSERT INTO APPOINTMENTS (APPOINTMENT_ID,PATIENT_ID,DOCTOR_ID,APPOINTMENT_DATE,APPOINTMENT_TIME,STATUS_ID,REASON_FOR_VISIT,CREATED_AT) VALUES (10,10,10,TO_DATE('2026-06-28 00:00:00','YYYY-MM-DD HH24:MI:SS'),'7/1/2026',2,'Heart palpitations',TO_DATE('2026-07-12 10:56:06','YYYY-MM-DD HH24:MI:SS'));
INSERT INTO APPOINTMENTS (APPOINTMENT_ID,PATIENT_ID,DOCTOR_ID,APPOINTMENT_DATE,APPOINTMENT_TIME,STATUS_ID,REASON_FOR_VISIT,CREATED_AT) VALUES (11,11,11,TO_DATE('2026-06-30 00:00:00','YYYY-MM-DD HH24:MI:SS'),'7/1/2026',2,'Fever and cough',TO_DATE('2026-07-12 10:56:06','YYYY-MM-DD HH24:MI:SS'));
INSERT INTO APPOINTMENTS (APPOINTMENT_ID,PATIENT_ID,DOCTOR_ID,APPOINTMENT_DATE,APPOINTMENT_TIME,STATUS_ID,REASON_FOR_VISIT,CREATED_AT) VALUES (12,12,1,TO_DATE('2026-07-15 00:00:00','YYYY-MM-DD HH24:MI:SS'),'7/1/2026',1,'Follow-up on blood pressure',TO_DATE('2026-07-12 10:56:48','YYYY-MM-DD HH24:MI:SS'));
INSERT INTO APPOINTMENTS (APPOINTMENT_ID,PATIENT_ID,DOCTOR_ID,APPOINTMENT_DATE,APPOINTMENT_TIME,STATUS_ID,REASON_FOR_VISIT,CREATED_AT) VALUES (13,13,2,TO_DATE('2026-07-16 00:00:00','YYYY-MM-DD HH24:MI:SS'),'7/1/2026',1,'Child vaccination',TO_DATE('2026-07-12 10:56:48','YYYY-MM-DD HH24:MI:SS'));
INSERT INTO APPOINTMENTS (APPOINTMENT_ID,PATIENT_ID,DOCTOR_ID,APPOINTMENT_DATE,APPOINTMENT_TIME,STATUS_ID,REASON_FOR_VISIT,CREATED_AT) VALUES (14,14,3,TO_DATE('2026-07-17 00:00:00','YYYY-MM-DD HH24:MI:SS'),'7/1/2026',1,'Severe headache',TO_DATE('2026-07-12 10:56:48','YYYY-MM-DD HH24:MI:SS'));
INSERT INTO APPOINTMENTS (APPOINTMENT_ID,PATIENT_ID,DOCTOR_ID,APPOINTMENT_DATE,APPOINTMENT_TIME,STATUS_ID,REASON_FOR_VISIT,CREATED_AT) VALUES (15,15,4,TO_DATE('2026-07-18 00:00:00','YYYY-MM-DD HH24:MI:SS'),'7/1/2026',1,'Back pain',TO_DATE('2026-07-12 10:56:48','YYYY-MM-DD HH24:MI:SS'));
INSERT INTO APPOINTMENTS (APPOINTMENT_ID,PATIENT_ID,DOCTOR_ID,APPOINTMENT_DATE,APPOINTMENT_TIME,STATUS_ID,REASON_FOR_VISIT,CREATED_AT) VALUES (16,16,6,TO_DATE('2026-07-20 00:00:00','YYYY-MM-DD HH24:MI:SS'),'7/1/2026',1,'Diabetes checkup',TO_DATE('2026-07-12 10:56:48','YYYY-MM-DD HH24:MI:SS'));
INSERT INTO APPOINTMENTS (APPOINTMENT_ID,PATIENT_ID,DOCTOR_ID,APPOINTMENT_DATE,APPOINTMENT_TIME,STATUS_ID,REASON_FOR_VISIT,CREATED_AT) VALUES (17,17,7,TO_DATE('2026-06-14 00:00:00','YYYY-MM-DD HH24:MI:SS'),'7/1/2026',3,'Eczema treatment',TO_DATE('2026-07-12 10:56:48','YYYY-MM-DD HH24:MI:SS'));
INSERT INTO APPOINTMENTS (APPOINTMENT_ID,PATIENT_ID,DOCTOR_ID,APPOINTMENT_DATE,APPOINTMENT_TIME,STATUS_ID,REASON_FOR_VISIT,CREATED_AT) VALUES (18,18,8,TO_DATE('2026-06-16 00:00:00','YYYY-MM-DD HH24:MI:SS'),'7/1/2026',3,'General consultation',TO_DATE('2026-07-12 10:56:48','YYYY-MM-DD HH24:MI:SS'));
INSERT INTO APPOINTMENTS (APPOINTMENT_ID,PATIENT_ID,DOCTOR_ID,APPOINTMENT_DATE,APPOINTMENT_TIME,STATUS_ID,REASON_FOR_VISIT,CREATED_AT) VALUES (19,19,9,TO_DATE('2026-06-19 00:00:00','YYYY-MM-DD HH24:MI:SS'),'7/1/2026',4,'Joint pain',TO_DATE('2026-07-12 10:56:48','YYYY-MM-DD HH24:MI:SS'));
INSERT INTO APPOINTMENTS (APPOINTMENT_ID,PATIENT_ID,DOCTOR_ID,APPOINTMENT_DATE,APPOINTMENT_TIME,STATUS_ID,REASON_FOR_VISIT,CREATED_AT) VALUES (20,20,10,TO_DATE('2026-06-24 00:00:00','YYYY-MM-DD HH24:MI:SS'),'7/1/2026',4,'Heart checkup',TO_DATE('2026-07-12 10:56:48','YYYY-MM-DD HH24:MI:SS'));
INSERT INTO APPOINTMENTS (APPOINTMENT_ID,PATIENT_ID,DOCTOR_ID,APPOINTMENT_DATE,APPOINTMENT_TIME,STATUS_ID,REASON_FOR_VISIT,CREATED_AT) VALUES (21,21,11,TO_DATE('2026-07-14 00:00:00','YYYY-MM-DD HH24:MI:SS'),'7/1/2026',1,'Flu symptoms',TO_DATE('2026-07-12 10:56:48','YYYY-MM-DD HH24:MI:SS'));
INSERT INTO APPOINTMENTS (APPOINTMENT_ID,PATIENT_ID,DOCTOR_ID,APPOINTMENT_DATE,APPOINTMENT_TIME,STATUS_ID,REASON_FOR_VISIT,CREATED_AT) VALUES (41,9,4,TO_DATE('2026-07-16 00:00:00','YYYY-MM-DD HH24:MI:SS'),'12:54',2,'checkup',TO_DATE('2026-07-14 00:00:00','YYYY-MM-DD HH24:MI:SS'));
INSERT INTO APPOINTMENTS (APPOINTMENT_ID,PATIENT_ID,DOCTOR_ID,APPOINTMENT_DATE,APPOINTMENT_TIME,STATUS_ID,REASON_FOR_VISIT,CREATED_AT) VALUES (61,64,3,TO_DATE('2026-07-15 00:00:00','YYYY-MM-DD HH24:MI:SS'),'12:00',1,'Observation for anemia treatment',TO_DATE('2026-07-15 00:00:00','YYYY-MM-DD HH24:MI:SS'));
INSERT INTO APPOINTMENTS (APPOINTMENT_ID,PATIENT_ID,DOCTOR_ID,APPOINTMENT_DATE,APPOINTMENT_TIME,STATUS_ID,REASON_FOR_VISIT,CREATED_AT) VALUES (22,2,2,TO_DATE('2026-07-12 00:00:00','YYYY-MM-DD HH24:MI:SS'),'7/1/2026',1,'Follow-up checkup',TO_DATE('2026-07-12 10:57:36','YYYY-MM-DD HH24:MI:SS'));
INSERT INTO APPOINTMENTS (APPOINTMENT_ID,PATIENT_ID,DOCTOR_ID,APPOINTMENT_DATE,APPOINTMENT_TIME,STATUS_ID,REASON_FOR_VISIT,CREATED_AT) VALUES (23,4,1,TO_DATE('2026-07-12 00:00:00','YYYY-MM-DD HH24:MI:SS'),'7/1/2026',2,'Chest discomfort',TO_DATE('2026-07-12 00:00:00','YYYY-MM-DD HH24:MI:SS'));
INSERT INTO APPOINTMENTS (APPOINTMENT_ID,PATIENT_ID,DOCTOR_ID,APPOINTMENT_DATE,APPOINTMENT_TIME,STATUS_ID,REASON_FOR_VISIT,CREATED_AT) VALUES (24,6,9,TO_DATE('2026-07-12 00:00:00','YYYY-MM-DD HH24:MI:SS'),'7/1/2026',1,'Knee stiffness',TO_DATE('2026-07-12 10:57:36','YYYY-MM-DD HH24:MI:SS'));
INSERT INTO APPOINTMENTS (APPOINTMENT_ID,PATIENT_ID,DOCTOR_ID,APPOINTMENT_DATE,APPOINTMENT_TIME,STATUS_ID,REASON_FOR_VISIT,CREATED_AT) VALUES (25,8,10,TO_DATE('2026-07-12 00:00:00','YYYY-MM-DD HH24:MI:SS'),'7/1/2026',1,'Irregular heartbeat',TO_DATE('2026-07-12 10:57:36','YYYY-MM-DD HH24:MI:SS'));
INSERT INTO APPOINTMENTS (APPOINTMENT_ID,PATIENT_ID,DOCTOR_ID,APPOINTMENT_DATE,APPOINTMENT_TIME,STATUS_ID,REASON_FOR_VISIT,CREATED_AT) VALUES (26,10,8,TO_DATE('2026-07-12 00:00:00','YYYY-MM-DD HH24:MI:SS'),'7/1/2026',1,'Annual physical',TO_DATE('2026-07-12 10:57:36','YYYY-MM-DD HH24:MI:SS'));
INSERT INTO APPOINTMENTS (APPOINTMENT_ID,PATIENT_ID,DOCTOR_ID,APPOINTMENT_DATE,APPOINTMENT_TIME,STATUS_ID,REASON_FOR_VISIT,CREATED_AT) VALUES (27,12,4,TO_DATE('2026-07-25 00:00:00','YYYY-MM-DD HH24:MI:SS'),'7/1/2026',1,'Hip pain evaluation',TO_DATE('2026-07-12 10:57:36','YYYY-MM-DD HH24:MI:SS'));
INSERT INTO APPOINTMENTS (APPOINTMENT_ID,PATIENT_ID,DOCTOR_ID,APPOINTMENT_DATE,APPOINTMENT_TIME,STATUS_ID,REASON_FOR_VISIT,CREATED_AT) VALUES (28,14,6,TO_DATE('2026-07-28 00:00:00','YYYY-MM-DD HH24:MI:SS'),'7/1/2026',1,'Blood sugar monitoring',TO_DATE('2026-07-12 10:57:36','YYYY-MM-DD HH24:MI:SS'));
INSERT INTO APPOINTMENTS (APPOINTMENT_ID,PATIENT_ID,DOCTOR_ID,APPOINTMENT_DATE,APPOINTMENT_TIME,STATUS_ID,REASON_FOR_VISIT,CREATED_AT) VALUES (29,16,7,TO_DATE('2026-06-05 00:00:00','YYYY-MM-DD HH24:MI:SS'),'7/1/2026',2,'Skin allergy',TO_DATE('2026-07-12 10:57:36','YYYY-MM-DD HH24:MI:SS'));
INSERT INTO APPOINTMENTS (APPOINTMENT_ID,PATIENT_ID,DOCTOR_ID,APPOINTMENT_DATE,APPOINTMENT_TIME,STATUS_ID,REASON_FOR_VISIT,CREATED_AT) VALUES (30,18,11,TO_DATE('2026-06-08 00:00:00','YYYY-MM-DD HH24:MI:SS'),'7/1/2026',2,'Flu symptoms',TO_DATE('2026-07-12 10:57:36','YYYY-MM-DD HH24:MI:SS'));
INSERT INTO APPOINTMENTS (APPOINTMENT_ID,PATIENT_ID,DOCTOR_ID,APPOINTMENT_DATE,APPOINTMENT_TIME,STATUS_ID,REASON_FOR_VISIT,CREATED_AT) VALUES (31,20,3,TO_DATE('2026-06-09 00:00:00','YYYY-MM-DD HH24:MI:SS'),'7/1/2026',2,'Emergency visit',TO_DATE('2026-07-12 10:57:36','YYYY-MM-DD HH24:MI:SS'));
COMMIT;

-- ============ ADMISSIONS ============
INSERT INTO ADMISSIONS (ADMISSION_ID,PATIENT_ID,DOCTOR_ID,ROOM_ID,ADMISSION_DATE,DISCHARGE_DATE,ADMISSION_REASON,STATUS) VALUES (1,4,3,4,TO_DATE('2026-07-05 00:00:00','YYYY-MM-DD HH24:MI:SS'),NULL,'Severe gastritis requiring observation','Admitted');
INSERT INTO ADMISSIONS (ADMISSION_ID,PATIENT_ID,DOCTOR_ID,ROOM_ID,ADMISSION_DATE,DISCHARGE_DATE,ADMISSION_REASON,STATUS) VALUES (2,10,10,7,TO_DATE('2026-07-08 00:00:00','YYYY-MM-DD HH24:MI:SS'),NULL,'Cardiac monitoring for arrhythmia','Admitted');
INSERT INTO ADMISSIONS (ADMISSION_ID,PATIENT_ID,DOCTOR_ID,ROOM_ID,ADMISSION_DATE,DISCHARGE_DATE,ADMISSION_REASON,STATUS) VALUES (3,16,6,1,TO_DATE('2026-07-10 00:00:00','YYYY-MM-DD HH24:MI:SS'),NULL,'Diabetic complications, needs observation','Admitted');
INSERT INTO ADMISSIONS (ADMISSION_ID,PATIENT_ID,DOCTOR_ID,ROOM_ID,ADMISSION_DATE,DISCHARGE_DATE,ADMISSION_REASON,STATUS) VALUES (4,9,9,5,TO_DATE('2026-06-25 00:00:00','YYYY-MM-DD HH24:MI:SS'),TO_DATE('2026-06-28 00:00:00','YYYY-MM-DD HH24:MI:SS'),'Post-surgery shoulder recovery observation','Discharged');
INSERT INTO ADMISSIONS (ADMISSION_ID,PATIENT_ID,DOCTOR_ID,ROOM_ID,ADMISSION_DATE,DISCHARGE_DATE,ADMISSION_REASON,STATUS) VALUES (5,11,11,2,TO_DATE('2026-06-30 00:00:00','YYYY-MM-DD HH24:MI:SS'),TO_DATE('2026-07-03 00:00:00','YYYY-MM-DD HH24:MI:SS'),'Severe flu with dehydration','Discharged');
INSERT INTO ADMISSIONS (ADMISSION_ID,PATIENT_ID,DOCTOR_ID,ROOM_ID,ADMISSION_DATE,DISCHARGE_DATE,ADMISSION_REASON,STATUS) VALUES (6,2,1,8,TO_DATE('2026-06-10 00:00:00','YYYY-MM-DD HH24:MI:SS'),TO_DATE('2026-06-13 00:00:00','YYYY-MM-DD HH24:MI:SS'),'Cardiac observation after chest pain episode','Discharged');
INSERT INTO ADMISSIONS (ADMISSION_ID,PATIENT_ID,DOCTOR_ID,ROOM_ID,ADMISSION_DATE,DISCHARGE_DATE,ADMISSION_REASON,STATUS) VALUES (25,5,10,3,TO_DATE('2026-07-15 00:00:00','YYYY-MM-DD HH24:MI:SS'),TO_DATE('2026-07-15 00:00:00','YYYY-MM-DD HH24:MI:SS'),'checkup','Admitted');
COMMIT;

-- ============ PATIENT_VISITS ============
INSERT INTO PATIENT_VISITS (VISIT_ID,APPOINTMENT_ID,PATIENT_ID,DOCTOR_ID,VISIT_DATE,SYMPTOMS,DIAGNOSIS,NOTES,FOLLOW_UP_DATE) VALUES (42,21,21,11,TO_DATE('2026-07-14 04:36:58','YYYY-MM-DD HH24:MI:SS'),'Fever, dry cough, and mild fatigue for the past 3 days','Acute upper respiratory tract infection','Advised rest, plenty of fluids, and follow-up in two weeks if symptoms persist',TO_DATE('2026-06-25 00:00:00','YYYY-MM-DD HH24:MI:SS'));
INSERT INTO PATIENT_VISITS (VISIT_ID,APPOINTMENT_ID,PATIENT_ID,DOCTOR_ID,VISIT_DATE,SYMPTOMS,DIAGNOSIS,NOTES,FOLLOW_UP_DATE) VALUES (49,28,14,6,TO_DATE('2026-07-14 04:50:46','YYYY-MM-DD HH24:MI:SS'),'Fever, dry cough, and mild fatigue for the past 3 days','Acute upper respiratory tract infection','Advised rest, plenty of fluids, and follow-up in two weeks if symptoms persist',TO_DATE('2026-06-13 00:00:00','YYYY-MM-DD HH24:MI:SS'));
INSERT INTO PATIENT_VISITS (VISIT_ID,APPOINTMENT_ID,PATIENT_ID,DOCTOR_ID,VISIT_DATE,SYMPTOMS,DIAGNOSIS,NOTES,FOLLOW_UP_DATE) VALUES (85,30,18,11,TO_DATE('2026-07-14 11:19:37','YYYY-MM-DD HH24:MI:SS'),'Persistent lower back pain after lifting heavy objects, worsens with movement','Lumbar muscle strain','Prescribed rest for 5 days, avoid heavy lifting. Physiotherapy recommended if pain continues after one week.',TO_DATE('2026-07-28 00:00:00','YYYY-MM-DD HH24:MI:SS'));
INSERT INTO PATIENT_VISITS (VISIT_ID,APPOINTMENT_ID,PATIENT_ID,DOCTOR_ID,VISIT_DATE,SYMPTOMS,DIAGNOSIS,NOTES,FOLLOW_UP_DATE) VALUES (44,17,17,7,TO_DATE('2026-07-14 04:38:54','YYYY-MM-DD HH24:MI:SS'),'Fever, dry cough, and mild fatigue for the past 3 days','Acute upper respiratory tract infection','Advised rest, plenty of fluids, and follow-up in two weeks if symptoms persist',TO_DATE('2026-06-13 00:00:00','YYYY-MM-DD HH24:MI:SS'));
INSERT INTO PATIENT_VISITS (VISIT_ID,APPOINTMENT_ID,PATIENT_ID,DOCTOR_ID,VISIT_DATE,SYMPTOMS,DIAGNOSIS,NOTES,FOLLOW_UP_DATE) VALUES (46,16,16,6,TO_DATE('2026-07-14 04:39:40','YYYY-MM-DD HH24:MI:SS'),'Fever, dry cough, and mild fatigue for the past 3 days','Acute upper respiratory tract infection','Advised rest, plenty of fluids, and follow-up in two weeks if symptoms persist',TO_DATE('2026-06-13 00:00:00','YYYY-MM-DD HH24:MI:SS'));
INSERT INTO PATIENT_VISITS (VISIT_ID,APPOINTMENT_ID,PATIENT_ID,DOCTOR_ID,VISIT_DATE,SYMPTOMS,DIAGNOSIS,NOTES,FOLLOW_UP_DATE) VALUES (62,13,13,2,TO_DATE('2026-07-14 06:00:04','YYYY-MM-DD HH24:MI:SS'),'dry cough','Acute upper respiratory tract infection','Advised rest, plenty of fluids, and follow-up in two weeks if symptoms persist',TO_DATE('2026-06-29 00:00:00','YYYY-MM-DD HH24:MI:SS'));
INSERT INTO PATIENT_VISITS (VISIT_ID,APPOINTMENT_ID,PATIENT_ID,DOCTOR_ID,VISIT_DATE,SYMPTOMS,DIAGNOSIS,NOTES,FOLLOW_UP_DATE) VALUES (1,2,2,1,TO_DATE('2026-06-10 00:00:00','YYYY-MM-DD HH24:MI:SS'),'Chest tightness, shortness of breath','Mild angina','Advised lifestyle changes and follow-up ECG',TO_DATE('2026-07-10 00:00:00','YYYY-MM-DD HH24:MI:SS'));
INSERT INTO PATIENT_VISITS (VISIT_ID,APPOINTMENT_ID,PATIENT_ID,DOCTOR_ID,VISIT_DATE,SYMPTOMS,DIAGNOSIS,NOTES,FOLLOW_UP_DATE) VALUES (2,3,3,2,TO_DATE('2026-06-11 00:00:00','YYYY-MM-DD HH24:MI:SS'),'High fever, cough','Viral infection','Rest and fluids recommended',TO_DATE('2026-06-18 00:00:00','YYYY-MM-DD HH24:MI:SS'));
INSERT INTO PATIENT_VISITS (VISIT_ID,APPOINTMENT_ID,PATIENT_ID,DOCTOR_ID,VISIT_DATE,SYMPTOMS,DIAGNOSIS,NOTES,FOLLOW_UP_DATE) VALUES (3,4,4,3,TO_DATE('2026-06-12 00:00:00','YYYY-MM-DD HH24:MI:SS'),'Severe abdominal pain','Acute gastritis','Prescribed antacids, avoid spicy food',NULL);
INSERT INTO PATIENT_VISITS (VISIT_ID,APPOINTMENT_ID,PATIENT_ID,DOCTOR_ID,VISIT_DATE,SYMPTOMS,DIAGNOSIS,NOTES,FOLLOW_UP_DATE) VALUES (4,5,5,4,TO_DATE('2026-06-15 00:00:00','YYYY-MM-DD HH24:MI:SS'),'Knee pain after exercise','Mild ligament strain','Physiotherapy recommended',TO_DATE('2026-07-01 00:00:00','YYYY-MM-DD HH24:MI:SS'));
INSERT INTO PATIENT_VISITS (VISIT_ID,APPOINTMENT_ID,PATIENT_ID,DOCTOR_ID,VISIT_DATE,SYMPTOMS,DIAGNOSIS,NOTES,FOLLOW_UP_DATE) VALUES (5,6,6,6,TO_DATE('2026-06-18 00:00:00','YYYY-MM-DD HH24:MI:SS'),'General fatigue','Vitamin D deficiency','Supplements prescribed',TO_DATE('2026-08-18 00:00:00','YYYY-MM-DD HH24:MI:SS'));
INSERT INTO PATIENT_VISITS (VISIT_ID,APPOINTMENT_ID,PATIENT_ID,DOCTOR_ID,VISIT_DATE,SYMPTOMS,DIAGNOSIS,NOTES,FOLLOW_UP_DATE) VALUES (6,7,7,7,TO_DATE('2026-06-20 00:00:00','YYYY-MM-DD HH24:MI:SS'),'Red itchy rash on arms','Contact dermatitis','Prescribed antihistamine cream',TO_DATE('2026-07-05 00:00:00','YYYY-MM-DD HH24:MI:SS'));
INSERT INTO PATIENT_VISITS (VISIT_ID,APPOINTMENT_ID,PATIENT_ID,DOCTOR_ID,VISIT_DATE,SYMPTOMS,DIAGNOSIS,NOTES,FOLLOW_UP_DATE) VALUES (7,8,8,8,TO_DATE('2026-06-22 00:00:00','YYYY-MM-DD HH24:MI:SS'),'Routine annual checkup, no complaints','Healthy, no issues found','Continue regular exercise',NULL);
INSERT INTO PATIENT_VISITS (VISIT_ID,APPOINTMENT_ID,PATIENT_ID,DOCTOR_ID,VISIT_DATE,SYMPTOMS,DIAGNOSIS,NOTES,FOLLOW_UP_DATE) VALUES (8,9,9,9,TO_DATE('2026-06-25 00:00:00','YYYY-MM-DD HH24:MI:SS'),'Shoulder stiffness post-surgery','Recovering well, mild inflammation','Continue physiotherapy sessions',TO_DATE('2026-07-15 00:00:00','YYYY-MM-DD HH24:MI:SS'));
INSERT INTO PATIENT_VISITS (VISIT_ID,APPOINTMENT_ID,PATIENT_ID,DOCTOR_ID,VISIT_DATE,SYMPTOMS,DIAGNOSIS,NOTES,FOLLOW_UP_DATE) VALUES (9,10,10,10,TO_DATE('2026-06-28 00:00:00','YYYY-MM-DD HH24:MI:SS'),'Occasional heart palpitations','Mild arrhythmia, needs monitoring','ECG scheduled, prescribed beta blocker',TO_DATE('2026-07-20 00:00:00','YYYY-MM-DD HH24:MI:SS'));
INSERT INTO PATIENT_VISITS (VISIT_ID,APPOINTMENT_ID,PATIENT_ID,DOCTOR_ID,VISIT_DATE,SYMPTOMS,DIAGNOSIS,NOTES,FOLLOW_UP_DATE) VALUES (10,11,11,11,TO_DATE('2026-06-30 00:00:00','YYYY-MM-DD HH24:MI:SS'),'Fever, dry cough, body ache','Flu (Influenza)','Prescribed antibiotic and paracetamol',TO_DATE('2026-07-07 00:00:00','YYYY-MM-DD HH24:MI:SS'));
COMMIT;

-- ============ PRESCRIPTIONS ============
INSERT INTO PRESCRIPTIONS (PRESCRIPTION_ID,VISIT_ID,PATIENT_ID,DOCTOR_ID,PRESCRIPTION_DATE,NOTES) VALUES (1,1,2,1,TO_DATE('2026-06-10 00:00:00','YYYY-MM-DD HH24:MI:SS'),'Take medication regularly, avoid caffeine');
INSERT INTO PRESCRIPTIONS (PRESCRIPTION_ID,VISIT_ID,PATIENT_ID,DOCTOR_ID,PRESCRIPTION_DATE,NOTES) VALUES (2,2,3,2,TO_DATE('2026-06-11 00:00:00','YYYY-MM-DD HH24:MI:SS'),'Complete full course even if fever subsides');
INSERT INTO PRESCRIPTIONS (PRESCRIPTION_ID,VISIT_ID,PATIENT_ID,DOCTOR_ID,PRESCRIPTION_DATE,NOTES) VALUES (3,3,4,3,TO_DATE('2026-06-12 00:00:00','YYYY-MM-DD HH24:MI:SS'),'Take before meals');
INSERT INTO PRESCRIPTIONS (PRESCRIPTION_ID,VISIT_ID,PATIENT_ID,DOCTOR_ID,PRESCRIPTION_DATE,NOTES) VALUES (4,4,5,4,TO_DATE('2026-06-15 00:00:00','YYYY-MM-DD HH24:MI:SS'),'Use as needed for pain');
INSERT INTO PRESCRIPTIONS (PRESCRIPTION_ID,VISIT_ID,PATIENT_ID,DOCTOR_ID,PRESCRIPTION_DATE,NOTES) VALUES (5,5,6,6,TO_DATE('2026-06-18 00:00:00','YYYY-MM-DD HH24:MI:SS'),'Take daily with breakfast');
INSERT INTO PRESCRIPTIONS (PRESCRIPTION_ID,VISIT_ID,PATIENT_ID,DOCTOR_ID,PRESCRIPTION_DATE,NOTES) VALUES (6,6,7,7,TO_DATE('2026-06-20 00:00:00','YYYY-MM-DD HH24:MI:SS'),'Apply cream twice daily, avoid known allergens');
INSERT INTO PRESCRIPTIONS (PRESCRIPTION_ID,VISIT_ID,PATIENT_ID,DOCTOR_ID,PRESCRIPTION_DATE,NOTES) VALUES (7,7,8,8,TO_DATE('2026-06-22 00:00:00','YYYY-MM-DD HH24:MI:SS'),'General vitamin supplement recommended');
INSERT INTO PRESCRIPTIONS (PRESCRIPTION_ID,VISIT_ID,PATIENT_ID,DOCTOR_ID,PRESCRIPTION_DATE,NOTES) VALUES (8,8,9,9,TO_DATE('2026-06-25 00:00:00','YYYY-MM-DD HH24:MI:SS'),'Continue pain relief as needed during physiotherapy');
INSERT INTO PRESCRIPTIONS (PRESCRIPTION_ID,VISIT_ID,PATIENT_ID,DOCTOR_ID,PRESCRIPTION_DATE,NOTES) VALUES (9,9,10,10,TO_DATE('2026-06-28 00:00:00','YYYY-MM-DD HH24:MI:SS'),'Take beta blocker every morning, monitor pulse');
INSERT INTO PRESCRIPTIONS (PRESCRIPTION_ID,VISIT_ID,PATIENT_ID,DOCTOR_ID,PRESCRIPTION_DATE,NOTES) VALUES (10,10,11,11,TO_DATE('2026-06-30 00:00:00','YYYY-MM-DD HH24:MI:SS'),'Complete antibiotic course, plenty of fluids');
COMMIT;

-- ============ PRESCRIPTION_ITEMS ============
INSERT INTO PRESCRIPTION_ITEMS (PRESCRIPTION_ITEM_ID,PRESCRIPTION_ID,MEDICINE_ID,DOSAGE,FREQUENCY,DURATION_DAYS,INSTRUCTIONS,PATIENT_VISIT_ID) VALUES (5,1,13,'5mg','Once daily',30,'Take in the morning with water',NULL);
INSERT INTO PRESCRIPTION_ITEMS (PRESCRIPTION_ITEM_ID,PRESCRIPTION_ID,MEDICINE_ID,DOSAGE,FREQUENCY,DURATION_DAYS,INSTRUCTIONS,PATIENT_VISIT_ID) VALUES (6,2,4,'500mg','Three times daily',5,'After food',NULL);
INSERT INTO PRESCRIPTION_ITEMS (PRESCRIPTION_ITEM_ID,PRESCRIPTION_ID,MEDICINE_ID,DOSAGE,FREQUENCY,DURATION_DAYS,INSTRUCTIONS,PATIENT_VISIT_ID) VALUES (7,2,2,'250mg','Once daily',3,'After food, complete full course',NULL);
INSERT INTO PRESCRIPTION_ITEMS (PRESCRIPTION_ITEM_ID,PRESCRIPTION_ID,MEDICINE_ID,DOSAGE,FREQUENCY,DURATION_DAYS,INSTRUCTIONS,PATIENT_VISIT_ID) VALUES (8,3,4,'500mg','Twice daily',7,'After food, for pain relief',NULL);
INSERT INTO PRESCRIPTION_ITEMS (PRESCRIPTION_ITEM_ID,PRESCRIPTION_ID,MEDICINE_ID,DOSAGE,FREQUENCY,DURATION_DAYS,INSTRUCTIONS,PATIENT_VISIT_ID) VALUES (9,4,5,'400mg','As needed',10,'Take with food, max 3 times per day',NULL);
INSERT INTO PRESCRIPTION_ITEMS (PRESCRIPTION_ITEM_ID,PRESCRIPTION_ID,MEDICINE_ID,DOSAGE,FREQUENCY,DURATION_DAYS,INSTRUCTIONS,PATIENT_VISIT_ID) VALUES (10,5,14,'1000IU','Once daily',60,'Take with breakfast',NULL);
INSERT INTO PRESCRIPTION_ITEMS (PRESCRIPTION_ITEM_ID,PRESCRIPTION_ID,MEDICINE_ID,DOSAGE,FREQUENCY,DURATION_DAYS,INSTRUCTIONS,PATIENT_VISIT_ID) VALUES (11,6,18,'10mg','Once daily',7,'Apply cream and take tablet at night',NULL);
INSERT INTO PRESCRIPTION_ITEMS (PRESCRIPTION_ITEM_ID,PRESCRIPTION_ID,MEDICINE_ID,DOSAGE,FREQUENCY,DURATION_DAYS,INSTRUCTIONS,PATIENT_VISIT_ID) VALUES (12,7,15,'1 tablet','Once daily',30,'Take after breakfast',NULL);
INSERT INTO PRESCRIPTION_ITEMS (PRESCRIPTION_ITEM_ID,PRESCRIPTION_ID,MEDICINE_ID,DOSAGE,FREQUENCY,DURATION_DAYS,INSTRUCTIONS,PATIENT_VISIT_ID) VALUES (13,8,4,'500mg','Twice daily',5,'For pain, after food',NULL);
INSERT INTO PRESCRIPTION_ITEMS (PRESCRIPTION_ITEM_ID,PRESCRIPTION_ID,MEDICINE_ID,DOSAGE,FREQUENCY,DURATION_DAYS,INSTRUCTIONS,PATIENT_VISIT_ID) VALUES (14,9,13,'5mg','Once daily',30,'Take in the morning, monitor pulse',NULL);
INSERT INTO PRESCRIPTION_ITEMS (PRESCRIPTION_ITEM_ID,PRESCRIPTION_ID,MEDICINE_ID,DOSAGE,FREQUENCY,DURATION_DAYS,INSTRUCTIONS,PATIENT_VISIT_ID) VALUES (15,10,1,'500mg','Twice daily',5,'After food, complete full course',NULL);
INSERT INTO PRESCRIPTION_ITEMS (PRESCRIPTION_ITEM_ID,PRESCRIPTION_ID,MEDICINE_ID,DOSAGE,FREQUENCY,DURATION_DAYS,INSTRUCTIONS,PATIENT_VISIT_ID) VALUES (16,10,4,'500mg','Every 6 hours',5,'For fever, after food',NULL);
INSERT INTO PRESCRIPTION_ITEMS (PRESCRIPTION_ITEM_ID,PRESCRIPTION_ID,MEDICINE_ID,DOSAGE,FREQUENCY,DURATION_DAYS,INSTRUCTIONS,PATIENT_VISIT_ID) VALUES (21,1,4,'500 mg','Twice daily',7,'After food',62);
COMMIT;
