BEGIN

-- Data for table DEPARTMENTS
INSERT INTO DEPARTMENTS (DEPARTMENT_ID, DEPARTMENT_NAME, FLOOR_NO, STATUS) VALUES ('1', 'Cardiology', 3, 'Active');
INSERT INTO DEPARTMENTS (DEPARTMENT_ID, DEPARTMENT_NAME, FLOOR_NO, STATUS) VALUES ('2', 'Pediatrics', 2, 'Active');
INSERT INTO DEPARTMENTS (DEPARTMENT_ID, DEPARTMENT_NAME, FLOOR_NO, STATUS) VALUES ('3', 'Emergency', 1, 'Active');
INSERT INTO DEPARTMENTS (DEPARTMENT_ID, DEPARTMENT_NAME, FLOOR_NO, STATUS) VALUES ('4', 'Orthopedics', 4, 'Active');
INSERT INTO DEPARTMENTS (DEPARTMENT_ID, DEPARTMENT_NAME, FLOOR_NO, STATUS) VALUES ('5', 'Neurology', 5, 'Active');
INSERT INTO DEPARTMENTS (DEPARTMENT_ID, DEPARTMENT_NAME, FLOOR_NO, STATUS) VALUES ('6', 'Dermatology', 2, 'Active');
INSERT INTO DEPARTMENTS (DEPARTMENT_ID, DEPARTMENT_NAME, FLOOR_NO, STATUS) VALUES ('7', 'Oncology', 6, 'Active');
INSERT INTO DEPARTMENTS (DEPARTMENT_ID, DEPARTMENT_NAME, FLOOR_NO, STATUS) VALUES ('8', 'Radiology', 1, 'Active');
INSERT INTO DEPARTMENTS (DEPARTMENT_ID, DEPARTMENT_NAME, FLOOR_NO, STATUS) VALUES ('9', 'Gastroenterology', 3, 'Active');
INSERT INTO DEPARTMENTS (DEPARTMENT_ID, DEPARTMENT_NAME, FLOOR_NO, STATUS) VALUES ('10', 'Urology', 4, 'Inactive');

-- Data for table DOCTOR_SPECIALTIES
INSERT INTO DOCTOR_SPECIALTIES (SPECIALTY_NAME, STATUS) VALUES ('Cardiologist', 'Active');
INSERT INTO DOCTOR_SPECIALTIES (SPECIALTY_NAME, STATUS) VALUES ('Pediatrician', 'Active');
INSERT INTO DOCTOR_SPECIALTIES (SPECIALTY_NAME, STATUS) VALUES ('Surgeon', 'Active');
INSERT INTO DOCTOR_SPECIALTIES (SPECIALTY_NAME, STATUS) VALUES ('Neurologist', 'Active');
INSERT INTO DOCTOR_SPECIALTIES (SPECIALTY_NAME, STATUS) VALUES ('Dermatologist', 'Active');
INSERT INTO DOCTOR_SPECIALTIES (SPECIALTY_NAME, STATUS) VALUES ('Oncologist', 'Active');
INSERT INTO DOCTOR_SPECIALTIES (SPECIALTY_NAME, STATUS) VALUES ('Radiologist', 'Active');
INSERT INTO DOCTOR_SPECIALTIES (SPECIALTY_NAME, STATUS) VALUES ('Gastroenterologist', 'Active');
INSERT INTO DOCTOR_SPECIALTIES (SPECIALTY_NAME, STATUS) VALUES ('Urologist', 'Active');
INSERT INTO DOCTOR_SPECIALTIES (SPECIALTY_NAME, STATUS) VALUES ('General Practitioner', 'Active');

-- Data for table MEDICINE_CATEGORIES
INSERT INTO MEDICINE_CATEGORIES (CATEGORY_NAME, STATUS) VALUES ('Antibiotic', 'Active');
INSERT INTO MEDICINE_CATEGORIES (CATEGORY_NAME, STATUS) VALUES ('Painkiller', 'Active');
INSERT INTO MEDICINE_CATEGORIES (CATEGORY_NAME, STATUS) VALUES ('Diabetes', 'Active');
INSERT INTO MEDICINE_CATEGORIES (CATEGORY_NAME, STATUS) VALUES ('Antihistamine', 'Active');
INSERT INTO MEDICINE_CATEGORIES (CATEGORY_NAME, STATUS) VALUES ('Antiviral', 'Active');
INSERT INTO MEDICINE_CATEGORIES (CATEGORY_NAME, STATUS) VALUES ('Vitamin', 'Active');
INSERT INTO MEDICINE_CATEGORIES (CATEGORY_NAME, STATUS) VALUES ('Antacid', 'Active');
INSERT INTO MEDICINE_CATEGORIES (CATEGORY_NAME, STATUS) VALUES ('Antidepressant', 'Active');
INSERT INTO MEDICINE_CATEGORIES (CATEGORY_NAME, STATUS) VALUES ('Antihypertensive', 'Active');
INSERT INTO MEDICINE_CATEGORIES (CATEGORY_NAME, STATUS) VALUES ('Anticoagulant', 'Active');

-- Data for table APPOINTMENT_STATUSES
INSERT INTO APPOINTMENT_STATUSES (STATUS_NAME) VALUES ('Scheduled');
INSERT INTO APPOINTMENT_STATUSES (STATUS_NAME) VALUES ('Completed');
INSERT INTO APPOINTMENT_STATUSES (STATUS_NAME) VALUES ('Cancelled');
INSERT INTO APPOINTMENT_STATUSES (STATUS_NAME) VALUES ('No Show');

-- Data for table PATIENTS
INSERT INTO PATIENTS (CIVIL_ID, FULL_NAME, GENDER, DATE_OF_BIRTH, MOBILE_NO, EMAIL, BLOOD_GROUP, ADDRESS, EMERGENCY_CONTACT_NAME, EMERGENCY_CONTACT_NO, CREATED_AT) VALUES ('10000000013', 'Mona Al-Ghafri', 'Female', TO_DATE('1994-01-11 00:00:00', 'YYYY-MM-DD HH24:MI:SS'), '99001025', 'mona.g@example.com', 'A-', 'Muscat, Al Hail', 'Omar Al-Ghafri', '99001026', TO_DATE('2026-07-15 04:33:21', 'YYYY-MM-DD HH24:MI:SS'));
INSERT INTO PATIENTS (CIVIL_ID, FULL_NAME, GENDER, DATE_OF_BIRTH, MOBILE_NO, EMAIL, BLOOD_GROUP, ADDRESS, EMERGENCY_CONTACT_NAME, EMERGENCY_CONTACT_NO, CREATED_AT) VALUES ('10000000014', 'Talal Al-Rawahi', 'Male', TO_DATE('1975-03-03 00:00:00', 'YYYY-MM-DD HH24:MI:SS'), '99001027', 'talal.r@example.com', 'B-', 'Muscat, Al Athaiba', 'Zainab Al-Rawahi', '99001028', TO_DATE('2026-07-15 04:33:21', 'YYYY-MM-DD HH24:MI:SS'));
INSERT INTO PATIENTS (CIVIL_ID, FULL_NAME, GENDER, DATE_OF_BIRTH, MOBILE_NO, EMAIL, BLOOD_GROUP, ADDRESS, EMERGENCY_CONTACT_NAME, EMERGENCY_CONTACT_NO, CREATED_AT) VALUES ('10000000015', 'Zainab Al-Siyabi', 'Female', TO_DATE('1999-06-17 00:00:00', 'YYYY-MM-DD HH24:MI:SS'), '99001029', 'zainab.s@example.com', 'AB+', 'Muscat, Al Mawaleh', 'Talal Al-Siyabi', '99001030', TO_DATE('2026-07-15 04:33:21', 'YYYY-MM-DD HH24:MI:SS'));
INSERT INTO PATIENTS (CIVIL_ID, FULL_NAME, GENDER, DATE_OF_BIRTH, MOBILE_NO, EMAIL, BLOOD_GROUP, ADDRESS, EMERGENCY_CONTACT_NAME, EMERGENCY_CONTACT_NO, CREATED_AT) VALUES ('10000000016', 'Rashid Al-Abri', 'Male', TO_DATE('1970-09-25 00:00:00', 'YYYY-MM-DD HH24:MI:SS'), '99001031', 'rashid.a@example.com', 'O-', 'Muscat, Bawshar', 'Amal Al-Abri', '99001032', TO_DATE('2026-07-15 04:33:21', 'YYYY-MM-DD HH24:MI:SS'));
INSERT INTO PATIENTS (CIVIL_ID, FULL_NAME, GENDER, DATE_OF_BIRTH, MOBILE_NO, EMAIL, BLOOD_GROUP, ADDRESS, EMERGENCY_CONTACT_NAME, EMERGENCY_CONTACT_NO, CREATED_AT) VALUES ('10000000017', 'Amal Al-Farsi', 'Female', TO_DATE('1996-04-08 00:00:00', 'YYYY-MM-DD HH24:MI:SS'), '99001033', 'amal.f@example.com', 'A+', 'Muscat, Al Khuwair', 'Rashid Al-Farsi', '99001034', TO_DATE('2026-07-15 04:33:21', 'YYYY-MM-DD HH24:MI:SS'));
INSERT INTO PATIENTS (CIVIL_ID, FULL_NAME, GENDER, DATE_OF_BIRTH, MOBILE_NO, EMAIL, BLOOD_GROUP, ADDRESS, EMERGENCY_CONTACT_NAME, EMERGENCY_CONTACT_NO, CREATED_AT) VALUES ('10000000018', 'Faisal Al-Balushi', 'Male', TO_DATE('1983-12-12 00:00:00', 'YYYY-MM-DD HH24:MI:SS'), '99001035', 'faisal.b@example.com', 'B+', 'Muscat, Ruwi', 'Suad Al-Balushi', '99001036', TO_DATE('2026-07-15 04:33:21', 'YYYY-MM-DD HH24:MI:SS'));
INSERT INTO PATIENTS (CIVIL_ID, FULL_NAME, GENDER, DATE_OF_BIRTH, MOBILE_NO, EMAIL, BLOOD_GROUP, ADDRESS, EMERGENCY_CONTACT_NAME, EMERGENCY_CONTACT_NO, CREATED_AT) VALUES ('10000000019', 'Suad Al-Hinai', 'Female', TO_DATE('1991-02-28 00:00:00', 'YYYY-MM-DD HH24:MI:SS'), '99001037', 'suad.h@example.com', 'O+', 'Muscat, Qurum', 'Faisal Al-Hinai', '99001038', TO_DATE('2026-07-15 04:33:21', 'YYYY-MM-DD HH24:MI:SS'));
INSERT INTO PATIENTS (CIVIL_ID, FULL_NAME, GENDER, DATE_OF_BIRTH, MOBILE_NO, EMAIL, BLOOD_GROUP, ADDRESS, EMERGENCY_CONTACT_NAME, EMERGENCY_CONTACT_NO, CREATED_AT) VALUES ('10000000020', 'Waleed Al-Kindi', 'Male', TO_DATE('1987-08-19 00:00:00', 'YYYY-MM-DD HH24:MI:SS'), '99001039', 'waleed.k@example.com', 'A-', 'Muscat, Al Khoud', 'Reem Al-Kindi', '99001040', TO_DATE('2026-07-15 04:33:21', 'YYYY-MM-DD HH24:MI:SS'));
INSERT INTO PATIENTS (CIVIL_ID, FULL_NAME, GENDER, DATE_OF_BIRTH, MOBILE_NO, EMAIL, BLOOD_GROUP, ADDRESS, EMERGENCY_CONTACT_NAME, EMERGENCY_CONTACT_NO, CREATED_AT) VALUES ('5672', 'Tibyan Saad', 'Female', TO_DATE('2026-07-01 00:00:00', 'YYYY-MM-DD HH24:MI:SS'), '93937881', NULL, 'O+', NULL, NULL, NULL, TO_DATE('2026-07-15 06:43:17', 'YYYY-MM-DD HH24:MI:SS'));
INSERT INTO PATIENTS (CIVIL_ID, FULL_NAME, GENDER, DATE_OF_BIRTH, MOBILE_NO, EMAIL, BLOOD_GROUP, ADDRESS, EMERGENCY_CONTACT_NAME, EMERGENCY_CONTACT_NO, CREATED_AT) VALUES ('10000000001', 'Ahmed Al-Farsi', 'Male', TO_DATE('1985-04-12 00:00:00', 'YYYY-MM-DD HH24:MI:SS'), '99001001', 'ahmed.f@example.com', 'A+', 'Muscat, Al Khuwair', 'Fatma Al-Farsi', '99001002', TO_DATE('2026-07-13 06:04:41', 'YYYY-MM-DD HH24:MI:SS'));
INSERT INTO PATIENTS (CIVIL_ID, FULL_NAME, GENDER, DATE_OF_BIRTH, MOBILE_NO, EMAIL, BLOOD_GROUP, ADDRESS, EMERGENCY_CONTACT_NAME, EMERGENCY_CONTACT_NO, CREATED_AT) VALUES ('10000000002', 'Mariam Al-Balushi', 'Female', TO_DATE('1990-08-23 00:00:00', 'YYYY-MM-DD HH24:MI:SS'), '99001003', 'mariam.b@example.com', 'O+', 'Muscat, Ruwi', 'Salim Al-Balushi', '99001004', TO_DATE('2026-07-13 06:04:41', 'YYYY-MM-DD HH24:MI:SS'));
INSERT INTO PATIENTS (CIVIL_ID, FULL_NAME, GENDER, DATE_OF_BIRTH, MOBILE_NO, EMAIL, BLOOD_GROUP, ADDRESS, EMERGENCY_CONTACT_NAME, EMERGENCY_CONTACT_NO, CREATED_AT) VALUES ('10000000003', 'Salim Al-Kindi', 'Male', TO_DATE('1978-01-15 00:00:00', 'YYYY-MM-DD HH24:MI:SS'), '99001005', 'salim.k@example.com', 'B+', 'Muscat, Qurum', 'Aisha Al-Kindi', '99001006', TO_DATE('2026-07-13 06:04:41', 'YYYY-MM-DD HH24:MI:SS'));
INSERT INTO PATIENTS (CIVIL_ID, FULL_NAME, GENDER, DATE_OF_BIRTH, MOBILE_NO, EMAIL, BLOOD_GROUP, ADDRESS, EMERGENCY_CONTACT_NAME, EMERGENCY_CONTACT_NO, CREATED_AT) VALUES ('10000000004', 'Aisha Al-Hinai', 'Female', TO_DATE('1995-11-30 00:00:00', 'YYYY-MM-DD HH24:MI:SS'), '99001007', 'aisha.h@example.com', 'AB+', 'Muscat, Bausher', 'Khalid Al-Hinai', '99001008', TO_DATE('2026-07-13 06:04:41', 'YYYY-MM-DD HH24:MI:SS'));
INSERT INTO PATIENTS (CIVIL_ID, FULL_NAME, GENDER, DATE_OF_BIRTH, MOBILE_NO, EMAIL, BLOOD_GROUP, ADDRESS, EMERGENCY_CONTACT_NAME, EMERGENCY_CONTACT_NO, CREATED_AT) VALUES ('10000000005', 'Khalid Al-Saidi', 'Male', TO_DATE('1982-06-05 00:00:00', 'YYYY-MM-DD HH24:MI:SS'), '99001009', 'khalid.s@example.com', 'O-', 'Muscat, Seeb', 'Noor Al-Saidi', '99001010', TO_DATE('2026-07-13 06:04:41', 'YYYY-MM-DD HH24:MI:SS'));
INSERT INTO PATIENTS (CIVIL_ID, FULL_NAME, GENDER, DATE_OF_BIRTH, MOBILE_NO, EMAIL, BLOOD_GROUP, ADDRESS, EMERGENCY_CONTACT_NAME, EMERGENCY_CONTACT_NO, CREATED_AT) VALUES ('10000000006', 'Noor Al-Rashdi', 'Female', TO_DATE('2000-03-18 00:00:00', 'YYYY-MM-DD HH24:MI:SS'), '99001011', 'noor.r@example.com', 'A-', 'Muscat, Al Amerat', 'Yusuf Al-Rashdi', '99001012', TO_DATE('2026-07-13 06:04:41', 'YYYY-MM-DD HH24:MI:SS'));
INSERT INTO PATIENTS (CIVIL_ID, FULL_NAME, GENDER, DATE_OF_BIRTH, MOBILE_NO, EMAIL, BLOOD_GROUP, ADDRESS, EMERGENCY_CONTACT_NAME, EMERGENCY_CONTACT_NO, CREATED_AT) VALUES ('10000000007', 'Yusuf Al-Habsi', 'Male', TO_DATE('1973-09-09 00:00:00', 'YYYY-MM-DD HH24:MI:SS'), '99001013', 'yusuf.h@example.com', 'B-', 'Muscat, Muttrah', 'Layla Al-Habsi', '99001014', TO_DATE('2026-07-13 06:04:41', 'YYYY-MM-DD HH24:MI:SS'));
INSERT INTO PATIENTS (CIVIL_ID, FULL_NAME, GENDER, DATE_OF_BIRTH, MOBILE_NO, EMAIL, BLOOD_GROUP, ADDRESS, EMERGENCY_CONTACT_NAME, EMERGENCY_CONTACT_NO, CREATED_AT) VALUES ('10000000008', 'Layla Al-Zadjali', 'Female', TO_DATE('1998-12-25 00:00:00', 'YYYY-MM-DD HH24:MI:SS'), '99001015', 'layla.z@example.com', 'AB-', 'Muscat, Al Khoud', 'Ahmed Al-Zadjali', '99001016', TO_DATE('2026-07-13 06:04:41', 'YYYY-MM-DD HH24:MI:SS'));
INSERT INTO PATIENTS (CIVIL_ID, FULL_NAME, GENDER, DATE_OF_BIRTH, MOBILE_NO, EMAIL, BLOOD_GROUP, ADDRESS, EMERGENCY_CONTACT_NAME, EMERGENCY_CONTACT_NO, CREATED_AT) VALUES ('10000000009', 'Fatma Al-Lawati', 'Female', TO_DATE('1988-02-14 00:00:00', 'YYYY-MM-DD HH24:MI:SS'), '99001017', 'fatma.l@example.com', 'O+', 'Muscat, Ghubra', 'Salim Al-Lawati', '99001018', TO_DATE('2026-07-13 06:04:41', 'YYYY-MM-DD HH24:MI:SS'));
INSERT INTO PATIENTS (CIVIL_ID, FULL_NAME, GENDER, DATE_OF_BIRTH, MOBILE_NO, EMAIL, BLOOD_GROUP, ADDRESS, EMERGENCY_CONTACT_NAME, EMERGENCY_CONTACT_NO, CREATED_AT) VALUES ('10000000010', 'Sultan Al-Riyami', 'Male', TO_DATE('1965-07-07 00:00:00', 'YYYY-MM-DD HH24:MI:SS'), '99001019', 'sultan.r@example.com', 'A+', 'Muscat, Azaiba', 'Huda Al-Riyami', '99001020', TO_DATE('2026-07-13 06:04:41', 'YYYY-MM-DD HH24:MI:SS'));
INSERT INTO PATIENTS (CIVIL_ID, FULL_NAME, GENDER, DATE_OF_BIRTH, MOBILE_NO, EMAIL, BLOOD_GROUP, ADDRESS, EMERGENCY_CONTACT_NAME, EMERGENCY_CONTACT_NO, CREATED_AT) VALUES ('10000000011', 'Huda Al-Maskari', 'Female', TO_DATE('1992-10-02 00:00:00', 'YYYY-MM-DD HH24:MI:SS'), '99001021', 'huda.m@example.com', 'B+', 'Muscat, Al Ansab', 'Sultan Al-Maskari', '99001022', TO_DATE('2026-07-13 06:04:41', 'YYYY-MM-DD HH24:MI:SS'));
INSERT INTO PATIENTS (CIVIL_ID, FULL_NAME, GENDER, DATE_OF_BIRTH, MOBILE_NO, EMAIL, BLOOD_GROUP, ADDRESS, EMERGENCY_CONTACT_NAME, EMERGENCY_CONTACT_NO, CREATED_AT) VALUES ('10000000012', 'Omar Al-Busaidi', 'Male', TO_DATE('1980-05-20 00:00:00', 'YYYY-MM-DD HH24:MI:SS'), '99001023', 'omar.b@example.com', 'O+', 'Muscat, Madinat Sultan Qaboos', 'Mona Al-Busaidi', '99001024', TO_DATE('2026-07-13 06:04:41', 'YYYY-MM-DD HH24:MI:SS'));

-- Data for table DOCTORS
INSERT INTO DOCTORS (FULL_NAME, DEPARTMENT_ID, SPECIALTY_ID, MOBILE_NO, EMAIL, CONSULTATION_FEE, STATUS) VALUES ('Dr. Hassan Al-Amri', '1', 1, '98001001', 'hassan.amri@hospital.com', 25.5, 'Active');
INSERT INTO DOCTORS (FULL_NAME, DEPARTMENT_ID, SPECIALTY_ID, MOBILE_NO, EMAIL, CONSULTATION_FEE, STATUS) VALUES ('Dr. Salma Al-Ghafri', '2', 2, '98001002', 'salma.ghafri@hospital.com', 20, 'Active');
INSERT INTO DOCTORS (FULL_NAME, DEPARTMENT_ID, SPECIALTY_ID, MOBILE_NO, EMAIL, CONSULTATION_FEE, STATUS) VALUES ('Dr. Nasser Al-Harthy', '3', 3, '98001003', 'nasser.harthy@hospital.com', 30, 'Active');
INSERT INTO DOCTORS (FULL_NAME, DEPARTMENT_ID, SPECIALTY_ID, MOBILE_NO, EMAIL, CONSULTATION_FEE, STATUS) VALUES ('Dr. Zainab Al-Siyabi', '5', 4, '98001004', 'zainab.siyabi@hospital.com', 28, 'Active');
INSERT INTO DOCTORS (FULL_NAME, DEPARTMENT_ID, SPECIALTY_ID, MOBILE_NO, EMAIL, CONSULTATION_FEE, STATUS) VALUES ('Dr. Talal Al-Rawahi', '6', 5, '98001005', 'talal.rawahi@hospital.com', 22, 'Active');
INSERT INTO DOCTORS (FULL_NAME, DEPARTMENT_ID, SPECIALTY_ID, MOBILE_NO, EMAIL, CONSULTATION_FEE, STATUS) VALUES ('Dr. Muna Al-Kharusi', '7', 6, '98001006', 'muna.kharusi@hospital.com', 35, 'Active');
INSERT INTO DOCTORS (FULL_NAME, DEPARTMENT_ID, SPECIALTY_ID, MOBILE_NO, EMAIL, CONSULTATION_FEE, STATUS) VALUES ('Dr. Rashid Al-Abri', '8', 7, '98001007', 'rashid.abri@hospital.com', 27, 'Active');
INSERT INTO DOCTORS (FULL_NAME, DEPARTMENT_ID, SPECIALTY_ID, MOBILE_NO, EMAIL, CONSULTATION_FEE, STATUS) VALUES ('Dr. Amal Al-Farsi', '9', 8, '98001008', 'amal.farsi@hospital.com', 26, 'Active');
INSERT INTO DOCTORS (FULL_NAME, DEPARTMENT_ID, SPECIALTY_ID, MOBILE_NO, EMAIL, CONSULTATION_FEE, STATUS) VALUES ('Dr. Faisal Al-Balushi', '10', 9, '98001009', 'faisal.balushi@hospital.com', 24, 'Inactive');
INSERT INTO DOCTORS (FULL_NAME, DEPARTMENT_ID, SPECIALTY_ID, MOBILE_NO, EMAIL, CONSULTATION_FEE, STATUS) VALUES ('Dr. Suad Al-Hinai', '1', 10, '98001010', 'suad.hinai@hospital.com', 18, 'Active');
INSERT INTO DOCTORS (FULL_NAME, DEPARTMENT_ID, SPECIALTY_ID, MOBILE_NO, EMAIL, CONSULTATION_FEE, STATUS) VALUES ('Dr. Waleed Al-Kindi', '3', 10, '98001011', 'waleed.kindi@hospital.com', 19, 'Active');
INSERT INTO DOCTORS (FULL_NAME, DEPARTMENT_ID, SPECIALTY_ID, MOBILE_NO, EMAIL, CONSULTATION_FEE, STATUS) VALUES ('Dr. Reem Al-Saidi', '2', 2, '98001012', 'reem.saidi@hospital.com', 21, 'Active');

-- Data for table ROOMS
INSERT INTO ROOMS (ROOM_NO, ROOM_TYPE, DAILY_RATE, STATUS) VALUES ('101', 'General', 15, 'Occupied');
INSERT INTO ROOMS (ROOM_NO, ROOM_TYPE, DAILY_RATE, STATUS) VALUES ('102', 'General', 15, 'Occupied');
INSERT INTO ROOMS (ROOM_NO, ROOM_TYPE, DAILY_RATE, STATUS) VALUES ('103', 'General', 15, 'Available');
INSERT INTO ROOMS (ROOM_NO, ROOM_TYPE, DAILY_RATE, STATUS) VALUES ('201', 'Private', 35, 'Occupied');
INSERT INTO ROOMS (ROOM_NO, ROOM_TYPE, DAILY_RATE, STATUS) VALUES ('202', 'Private', 35, 'Available');
INSERT INTO ROOMS (ROOM_NO, ROOM_TYPE, DAILY_RATE, STATUS) VALUES ('203', 'Private', 38, 'Available');
INSERT INTO ROOMS (ROOM_NO, ROOM_TYPE, DAILY_RATE, STATUS) VALUES ('301', 'ICU', 80, 'Occupied');
INSERT INTO ROOMS (ROOM_NO, ROOM_TYPE, DAILY_RATE, STATUS) VALUES ('302', 'ICU', 80, 'Occupied');
INSERT INTO ROOMS (ROOM_NO, ROOM_TYPE, DAILY_RATE, STATUS) VALUES ('303', 'ICU', 85, 'Available');
INSERT INTO ROOMS (ROOM_NO, ROOM_TYPE, DAILY_RATE, STATUS) VALUES ('104', 'General', 15, 'Available');
INSERT INTO ROOMS (ROOM_NO, ROOM_TYPE, DAILY_RATE, STATUS) VALUES ('204', 'Private', 35, 'Available');
INSERT INTO ROOMS (ROOM_NO, ROOM_TYPE, DAILY_RATE, STATUS) VALUES ('304', 'ICU', 80, 'Available');

-- Data for table MEDICINES
INSERT INTO MEDICINES (MEDICINE_NAME, CATEGORY_ID, UNIT, CURRENT_STOCK, REORDER_LEVEL, STATUS) VALUES ('Fexofenadine', 4, 'Tablet', 90, 30, 'Active');
INSERT INTO MEDICINES (MEDICINE_NAME, CATEGORY_ID, UNIT, CURRENT_STOCK, REORDER_LEVEL, STATUS) VALUES ('Amoxicillin', 1, 'Tablet', 500, 100, 'Active');
INSERT INTO MEDICINES (MEDICINE_NAME, CATEGORY_ID, UNIT, CURRENT_STOCK, REORDER_LEVEL, STATUS) VALUES ('Paracetamol', 2, 'Tablet', 40, 100, 'Active');
INSERT INTO MEDICINES (MEDICINE_NAME, CATEGORY_ID, UNIT, CURRENT_STOCK, REORDER_LEVEL, STATUS) VALUES ('Metformin', 3, 'Tablet', 300, 80, 'Active');
INSERT INTO MEDICINES (MEDICINE_NAME, CATEGORY_ID, UNIT, CURRENT_STOCK, REORDER_LEVEL, STATUS) VALUES ('Cetirizine', 4, 'Syrup', 15, 50, 'Active');
INSERT INTO MEDICINES (MEDICINE_NAME, CATEGORY_ID, UNIT, CURRENT_STOCK, REORDER_LEVEL, STATUS) VALUES ('Acyclovir', 5, 'Tablet', 200, 60, 'Active');
INSERT INTO MEDICINES (MEDICINE_NAME, CATEGORY_ID, UNIT, CURRENT_STOCK, REORDER_LEVEL, STATUS) VALUES ('Vitamin C', 6, 'Tablet', 600, 150, 'Active');
INSERT INTO MEDICINES (MEDICINE_NAME, CATEGORY_ID, UNIT, CURRENT_STOCK, REORDER_LEVEL, STATUS) VALUES ('Omeprazole', 7, 'Capsule', 25, 70, 'Active');
INSERT INTO MEDICINES (MEDICINE_NAME, CATEGORY_ID, UNIT, CURRENT_STOCK, REORDER_LEVEL, STATUS) VALUES ('Sertraline', 8, 'Tablet', 120, 40, 'Active');
INSERT INTO MEDICINES (MEDICINE_NAME, CATEGORY_ID, UNIT, CURRENT_STOCK, REORDER_LEVEL, STATUS) VALUES ('Amlodipine', 9, 'Tablet', 10, 50, 'Active');
INSERT INTO MEDICINES (MEDICINE_NAME, CATEGORY_ID, UNIT, CURRENT_STOCK, REORDER_LEVEL, STATUS) VALUES ('Warfarin', 10, 'Tablet', 90, 30, 'Active');
INSERT INTO MEDICINES (MEDICINE_NAME, CATEGORY_ID, UNIT, CURRENT_STOCK, REORDER_LEVEL, STATUS) VALUES ('Ibuprofen', 2, 'Tablet', 400, 100, 'Active');
INSERT INTO MEDICINES (MEDICINE_NAME, CATEGORY_ID, UNIT, CURRENT_STOCK, REORDER_LEVEL, STATUS) VALUES ('Azithromycin', 1, 'Injection', 8, 20, 'Active');
INSERT INTO MEDICINES (MEDICINE_NAME, CATEGORY_ID, UNIT, CURRENT_STOCK, REORDER_LEVEL, STATUS) VALUES ('Insulin Glargine', 3, 'Injection', 60, 20, 'Active');
INSERT INTO MEDICINES (MEDICINE_NAME, CATEGORY_ID, UNIT, CURRENT_STOCK, REORDER_LEVEL, STATUS) VALUES ('Loratadine', 4, 'Tablet', 200, 60, 'Active');
INSERT INTO MEDICINES (MEDICINE_NAME, CATEGORY_ID, UNIT, CURRENT_STOCK, REORDER_LEVEL, STATUS) VALUES ('Vitamin D3', 6, 'Capsule', 350, 100, 'Active');
INSERT INTO MEDICINES (MEDICINE_NAME, CATEGORY_ID, UNIT, CURRENT_STOCK, REORDER_LEVEL, STATUS) VALUES ('Ranitidine', 7, 'Tablet', 18, 50, 'Active');
INSERT INTO MEDICINES (MEDICINE_NAME, CATEGORY_ID, UNIT, CURRENT_STOCK, REORDER_LEVEL, STATUS) VALUES ('Diclofenac', 2, 'Tablet', 250, 80, 'Active');
INSERT INTO MEDICINES (MEDICINE_NAME, CATEGORY_ID, UNIT, CURRENT_STOCK, REORDER_LEVEL, STATUS) VALUES ('Ciprofloxacin', 1, 'Tablet', 12, 40, 'Active');
INSERT INTO MEDICINES (MEDICINE_NAME, CATEGORY_ID, UNIT, CURRENT_STOCK, REORDER_LEVEL, STATUS) VALUES ('Glimepiride', 3, 'Tablet', 150, 50, 'Active');

-- Data for table APPOINTMENTS
INSERT INTO APPOINTMENTS (PATIENT_ID, DOCTOR_ID, APPOINTMENT_DATE, APPOINTMENT_TIME, STATUS_ID, REASON_FOR_VISIT, CREATED_AT) VALUES (9, 8, TO_DATE('2026-07-15 00:00:00', 'YYYY-MM-DD HH24:MI:SS'), '14:00', 1, NULL, TO_DATE('2026-07-15 06:43:54', 'YYYY-MM-DD HH24:MI:SS'));
INSERT INTO APPOINTMENTS (PATIENT_ID, DOCTOR_ID, APPOINTMENT_DATE, APPOINTMENT_TIME, STATUS_ID, REASON_FOR_VISIT, CREATED_AT) VALUES (1, 1, TO_DATE('2026-07-10 06:56:50', 'YYYY-MM-DD HH24:MI:SS'), '09:30 AM', 2, 'Persistent cough', TO_DATE('2026-07-10 06:56:50', 'YYYY-MM-DD HH24:MI:SS'));
INSERT INTO APPOINTMENTS (PATIENT_ID, DOCTOR_ID, APPOINTMENT_DATE, APPOINTMENT_TIME, STATUS_ID, REASON_FOR_VISIT, CREATED_AT) VALUES (19, 10, TO_DATE('2026-07-12 06:57:05', 'YYYY-MM-DD HH24:MI:SS'), '11:00 AM', 2, 'Headache and dizziness', TO_DATE('2026-07-12 06:57:05', 'YYYY-MM-DD HH24:MI:SS'));
INSERT INTO APPOINTMENTS (PATIENT_ID, DOCTOR_ID, APPOINTMENT_DATE, APPOINTMENT_TIME, STATUS_ID, REASON_FOR_VISIT, CREATED_AT) VALUES (13, 4, TO_DATE('2026-07-08 06:57:13', 'YYYY-MM-DD HH24:MI:SS'), '02:15 PM', 2, 'Skin rash', TO_DATE('2026-07-08 06:57:13', 'YYYY-MM-DD HH24:MI:SS'));
INSERT INTO APPOINTMENTS (PATIENT_ID, DOCTOR_ID, APPOINTMENT_DATE, APPOINTMENT_TIME, STATUS_ID, REASON_FOR_VISIT, CREATED_AT) VALUES (1, 1, TO_DATE('2026-07-15 06:51:25', 'YYYY-MM-DD HH24:MI:SS'), '10:00 AM', 2, 'Follow-up consultation', TO_DATE('2026-07-15 06:51:25', 'YYYY-MM-DD HH24:MI:SS'));
INSERT INTO APPOINTMENTS (PATIENT_ID, DOCTOR_ID, APPOINTMENT_DATE, APPOINTMENT_TIME, STATUS_ID, REASON_FOR_VISIT, CREATED_AT) VALUES (4, 4, TO_DATE('2026-07-14 06:57:19', 'YYYY-MM-DD HH24:MI:SS'), '04:00 PM', 2, 'Sore throat', TO_DATE('2026-07-14 06:57:19', 'YYYY-MM-DD HH24:MI:SS'));
INSERT INTO APPOINTMENTS (PATIENT_ID, DOCTOR_ID, APPOINTMENT_DATE, APPOINTMENT_TIME, STATUS_ID, REASON_FOR_VISIT, CREATED_AT) VALUES (1, 1, TO_DATE('2026-07-15 06:57:24', 'YYYY-MM-DD HH24:MI:SS'), '10:45 AM', 2, 'Routine follow-up', TO_DATE('2026-07-15 06:57:24', 'YYYY-MM-DD HH24:MI:SS'));
INSERT INTO APPOINTMENTS (PATIENT_ID, DOCTOR_ID, APPOINTMENT_DATE, APPOINTMENT_TIME, STATUS_ID, REASON_FOR_VISIT, CREATED_AT) VALUES (10, 1, TO_DATE('2026-07-08 00:00:00', 'YYYY-MM-DD HH24:MI:SS'), '11:30', 2, 'Routine checkup', TO_DATE('2026-07-13 06:04:41', 'YYYY-MM-DD HH24:MI:SS'));
INSERT INTO APPOINTMENTS (PATIENT_ID, DOCTOR_ID, APPOINTMENT_DATE, APPOINTMENT_TIME, STATUS_ID, REASON_FOR_VISIT, CREATED_AT) VALUES (11, 2, TO_DATE('2026-07-09 00:00:00', 'YYYY-MM-DD HH24:MI:SS'), '14:00', 3, 'Routine checkup', TO_DATE('2026-07-13 06:04:41', 'YYYY-MM-DD HH24:MI:SS'));
INSERT INTO APPOINTMENTS (PATIENT_ID, DOCTOR_ID, APPOINTMENT_DATE, APPOINTMENT_TIME, STATUS_ID, REASON_FOR_VISIT, CREATED_AT) VALUES (12, 3, TO_DATE('2026-07-10 00:00:00', 'YYYY-MM-DD HH24:MI:SS'), '09:00', 4, 'Routine checkup', TO_DATE('2026-07-13 06:04:41', 'YYYY-MM-DD HH24:MI:SS'));
INSERT INTO APPOINTMENTS (PATIENT_ID, DOCTOR_ID, APPOINTMENT_DATE, APPOINTMENT_TIME, STATUS_ID, REASON_FOR_VISIT, CREATED_AT) VALUES (13, 4, TO_DATE('2026-07-13 00:00:00', 'YYYY-MM-DD HH24:MI:SS'), '11:30', 1, 'Routine checkup', TO_DATE('2026-07-13 06:04:41', 'YYYY-MM-DD HH24:MI:SS'));
INSERT INTO APPOINTMENTS (PATIENT_ID, DOCTOR_ID, APPOINTMENT_DATE, APPOINTMENT_TIME, STATUS_ID, REASON_FOR_VISIT, CREATED_AT) VALUES (14, 5, TO_DATE('2026-07-12 00:00:00', 'YYYY-MM-DD HH24:MI:SS'), '14:00', 2, 'Routine checkup', TO_DATE('2026-07-13 06:04:41', 'YYYY-MM-DD HH24:MI:SS'));
INSERT INTO APPOINTMENTS (PATIENT_ID, DOCTOR_ID, APPOINTMENT_DATE, APPOINTMENT_TIME, STATUS_ID, REASON_FOR_VISIT, CREATED_AT) VALUES (15, 6, TO_DATE('2026-07-13 00:00:00', 'YYYY-MM-DD HH24:MI:SS'), '09:00', 3, 'Routine checkup', TO_DATE('2026-07-13 06:04:41', 'YYYY-MM-DD HH24:MI:SS'));
INSERT INTO APPOINTMENTS (PATIENT_ID, DOCTOR_ID, APPOINTMENT_DATE, APPOINTMENT_TIME, STATUS_ID, REASON_FOR_VISIT, CREATED_AT) VALUES (16, 7, TO_DATE('2026-07-14 00:00:00', 'YYYY-MM-DD HH24:MI:SS'), '11:30', 4, 'Routine checkup', TO_DATE('2026-07-13 06:04:41', 'YYYY-MM-DD HH24:MI:SS'));
INSERT INTO APPOINTMENTS (PATIENT_ID, DOCTOR_ID, APPOINTMENT_DATE, APPOINTMENT_TIME, STATUS_ID, REASON_FOR_VISIT, CREATED_AT) VALUES (17, 8, TO_DATE('2026-07-13 00:00:00', 'YYYY-MM-DD HH24:MI:SS'), '14:00', 1, 'Routine checkup', TO_DATE('2026-07-13 06:04:41', 'YYYY-MM-DD HH24:MI:SS'));
INSERT INTO APPOINTMENTS (PATIENT_ID, DOCTOR_ID, APPOINTMENT_DATE, APPOINTMENT_TIME, STATUS_ID, REASON_FOR_VISIT, CREATED_AT) VALUES (18, 9, TO_DATE('2026-07-16 00:00:00', 'YYYY-MM-DD HH24:MI:SS'), '09:00', 2, 'Routine checkup', TO_DATE('2026-07-13 06:04:41', 'YYYY-MM-DD HH24:MI:SS'));
INSERT INTO APPOINTMENTS (PATIENT_ID, DOCTOR_ID, APPOINTMENT_DATE, APPOINTMENT_TIME, STATUS_ID, REASON_FOR_VISIT, CREATED_AT) VALUES (19, 10, TO_DATE('2026-07-17 00:00:00', 'YYYY-MM-DD HH24:MI:SS'), '11:30', 3, 'Routine checkup', TO_DATE('2026-07-13 06:04:41', 'YYYY-MM-DD HH24:MI:SS'));
INSERT INTO APPOINTMENTS (PATIENT_ID, DOCTOR_ID, APPOINTMENT_DATE, APPOINTMENT_TIME, STATUS_ID, REASON_FOR_VISIT, CREATED_AT) VALUES (20, 11, TO_DATE('2026-07-18 00:00:00', 'YYYY-MM-DD HH24:MI:SS'), '14:00', 4, 'Routine checkup', TO_DATE('2026-07-13 06:04:41', 'YYYY-MM-DD HH24:MI:SS'));
INSERT INTO APPOINTMENTS (PATIENT_ID, DOCTOR_ID, APPOINTMENT_DATE, APPOINTMENT_TIME, STATUS_ID, REASON_FOR_VISIT, CREATED_AT) VALUES (21, 12, TO_DATE('2026-07-13 00:00:00', 'YYYY-MM-DD HH24:MI:SS'), '09:00', 1, 'Routine checkup', TO_DATE('2026-07-13 06:04:41', 'YYYY-MM-DD HH24:MI:SS'));
INSERT INTO APPOINTMENTS (PATIENT_ID, DOCTOR_ID, APPOINTMENT_DATE, APPOINTMENT_TIME, STATUS_ID, REASON_FOR_VISIT, CREATED_AT) VALUES (1, 1, TO_DATE('2026-07-16 00:00:00', 'YYYY-MM-DD HH24:MI:SS'), '09:00', 1, 'Routine checkup', TO_DATE('2026-07-15 04:45:54', 'YYYY-MM-DD HH24:MI:SS'));
INSERT INTO APPOINTMENTS (PATIENT_ID, DOCTOR_ID, APPOINTMENT_DATE, APPOINTMENT_TIME, STATUS_ID, REASON_FOR_VISIT, CREATED_AT) VALUES (2, 2, TO_DATE('2026-07-13 00:00:00', 'YYYY-MM-DD HH24:MI:SS'), '11:30', 2, 'Follow-up visit', TO_DATE('2026-07-15 04:45:54', 'YYYY-MM-DD HH24:MI:SS'));
INSERT INTO APPOINTMENTS (PATIENT_ID, DOCTOR_ID, APPOINTMENT_DATE, APPOINTMENT_TIME, STATUS_ID, REASON_FOR_VISIT, CREATED_AT) VALUES (3, 3, TO_DATE('2026-07-10 00:00:00', 'YYYY-MM-DD HH24:MI:SS'), '14:00', 2, 'Chest pain evaluation', TO_DATE('2026-07-15 04:45:54', 'YYYY-MM-DD HH24:MI:SS'));
INSERT INTO APPOINTMENTS (PATIENT_ID, DOCTOR_ID, APPOINTMENT_DATE, APPOINTMENT_TIME, STATUS_ID, REASON_FOR_VISIT, CREATED_AT) VALUES (4, 4, TO_DATE('2026-07-18 00:00:00', 'YYYY-MM-DD HH24:MI:SS'), '09:00', 1, 'Joint pain', TO_DATE('2026-07-15 04:45:54', 'YYYY-MM-DD HH24:MI:SS'));
INSERT INTO APPOINTMENTS (PATIENT_ID, DOCTOR_ID, APPOINTMENT_DATE, APPOINTMENT_TIME, STATUS_ID, REASON_FOR_VISIT, CREATED_AT) VALUES (5, 5, TO_DATE('2026-07-14 00:00:00', 'YYYY-MM-DD HH24:MI:SS'), '11:30', 2, 'Headache and dizziness', TO_DATE('2026-07-15 04:45:54', 'YYYY-MM-DD HH24:MI:SS'));
INSERT INTO APPOINTMENTS (PATIENT_ID, DOCTOR_ID, APPOINTMENT_DATE, APPOINTMENT_TIME, STATUS_ID, REASON_FOR_VISIT, CREATED_AT) VALUES (6, 6, TO_DATE('2026-07-17 00:00:00', 'YYYY-MM-DD HH24:MI:SS'), '14:00', 1, 'General consultation', TO_DATE('2026-07-15 04:45:54', 'YYYY-MM-DD HH24:MI:SS'));
INSERT INTO APPOINTMENTS (PATIENT_ID, DOCTOR_ID, APPOINTMENT_DATE, APPOINTMENT_TIME, STATUS_ID, REASON_FOR_VISIT, CREATED_AT) VALUES (7, 7, TO_DATE('2026-07-12 00:00:00', 'YYYY-MM-DD HH24:MI:SS'), '09:00', 3, 'Skin rash', TO_DATE('2026-07-15 04:45:54', 'YYYY-MM-DD HH24:MI:SS'));
INSERT INTO APPOINTMENTS (PATIENT_ID, DOCTOR_ID, APPOINTMENT_DATE, APPOINTMENT_TIME, STATUS_ID, REASON_FOR_VISIT, CREATED_AT) VALUES (8, 8, TO_DATE('2026-07-11 00:00:00', 'YYYY-MM-DD HH24:MI:SS'), '11:30', 2, 'Post-surgery review', TO_DATE('2026-07-15 04:45:54', 'YYYY-MM-DD HH24:MI:SS'));
INSERT INTO APPOINTMENTS (PATIENT_ID, DOCTOR_ID, APPOINTMENT_DATE, APPOINTMENT_TIME, STATUS_ID, REASON_FOR_VISIT, CREATED_AT) VALUES (10, 9, TO_DATE('2026-07-19 00:00:00', 'YYYY-MM-DD HH24:MI:SS'), '14:00', 1, 'Fracture follow-up', TO_DATE('2026-07-15 04:45:54', 'YYYY-MM-DD HH24:MI:SS'));
INSERT INTO APPOINTMENTS (PATIENT_ID, DOCTOR_ID, APPOINTMENT_DATE, APPOINTMENT_TIME, STATUS_ID, REASON_FOR_VISIT, CREATED_AT) VALUES (11, 10, TO_DATE('2026-07-09 00:00:00', 'YYYY-MM-DD HH24:MI:SS'), '09:00', 2, 'Migraine assessment', TO_DATE('2026-07-15 04:45:54', 'YYYY-MM-DD HH24:MI:SS'));
INSERT INTO APPOINTMENTS (PATIENT_ID, DOCTOR_ID, APPOINTMENT_DATE, APPOINTMENT_TIME, STATUS_ID, REASON_FOR_VISIT, CREATED_AT) VALUES (12, 11, TO_DATE('2026-07-20 00:00:00', 'YYYY-MM-DD HH24:MI:SS'), '11:30', 1, 'Blood pressure check', TO_DATE('2026-07-15 04:45:54', 'YYYY-MM-DD HH24:MI:SS'));
INSERT INTO APPOINTMENTS (PATIENT_ID, DOCTOR_ID, APPOINTMENT_DATE, APPOINTMENT_TIME, STATUS_ID, REASON_FOR_VISIT, CREATED_AT) VALUES (13, 12, TO_DATE('2026-07-08 00:00:00', 'YYYY-MM-DD HH24:MI:SS'), '14:00', 2, 'Child vaccination', TO_DATE('2026-07-15 04:45:54', 'YYYY-MM-DD HH24:MI:SS'));
INSERT INTO APPOINTMENTS (PATIENT_ID, DOCTOR_ID, APPOINTMENT_DATE, APPOINTMENT_TIME, STATUS_ID, REASON_FOR_VISIT, CREATED_AT) VALUES (14, 1, TO_DATE('2026-07-21 00:00:00', 'YYYY-MM-DD HH24:MI:SS'), '09:00', 1, 'Minor surgery consult', TO_DATE('2026-07-15 04:45:54', 'YYYY-MM-DD HH24:MI:SS'));
INSERT INTO APPOINTMENTS (PATIENT_ID, DOCTOR_ID, APPOINTMENT_DATE, APPOINTMENT_TIME, STATUS_ID, REASON_FOR_VISIT, CREATED_AT) VALUES (15, 2, TO_DATE('2026-07-07 00:00:00', 'YYYY-MM-DD HH24:MI:SS'), '11:30', 2, 'Knee pain', TO_DATE('2026-07-15 04:45:54', 'YYYY-MM-DD HH24:MI:SS'));
INSERT INTO APPOINTMENTS (PATIENT_ID, DOCTOR_ID, APPOINTMENT_DATE, APPOINTMENT_TIME, STATUS_ID, REASON_FOR_VISIT, CREATED_AT) VALUES (16, 3, TO_DATE('2026-07-06 00:00:00', 'YYYY-MM-DD HH24:MI:SS'), '14:00', 4, 'Seizure follow-up', TO_DATE('2026-07-15 04:45:54', 'YYYY-MM-DD HH24:MI:SS'));
INSERT INTO APPOINTMENTS (PATIENT_ID, DOCTOR_ID, APPOINTMENT_DATE, APPOINTMENT_TIME, STATUS_ID, REASON_FOR_VISIT, CREATED_AT) VALUES (17, 4, TO_DATE('2026-07-22 00:00:00', 'YYYY-MM-DD HH24:MI:SS'), '09:00', 1, 'Annual physical', TO_DATE('2026-07-15 04:45:54', 'YYYY-MM-DD HH24:MI:SS'));
INSERT INTO APPOINTMENTS (PATIENT_ID, DOCTOR_ID, APPOINTMENT_DATE, APPOINTMENT_TIME, STATUS_ID, REASON_FOR_VISIT, CREATED_AT) VALUES (18, 5, TO_DATE('2026-07-05 00:00:00', 'YYYY-MM-DD HH24:MI:SS'), '11:30', 2, 'Diabetes management', TO_DATE('2026-07-15 04:45:54', 'YYYY-MM-DD HH24:MI:SS'));
INSERT INTO APPOINTMENTS (PATIENT_ID, DOCTOR_ID, APPOINTMENT_DATE, APPOINTMENT_TIME, STATUS_ID, REASON_FOR_VISIT, CREATED_AT) VALUES (19, 6, TO_DATE('2026-07-04 00:00:00', 'YYYY-MM-DD HH24:MI:SS'), '14:00', 3, 'Allergy testing', TO_DATE('2026-07-15 04:45:54', 'YYYY-MM-DD HH24:MI:SS'));

-- Data for table ADMISSIONS
INSERT INTO ADMISSIONS (PATIENT_ID, DOCTOR_ID, ROOM_ID, ADMISSION_DATE, DISCHARGE_DATE, ADMISSION_REASON, STATUS) VALUES (10, 8, 1, TO_DATE('2026-07-16 00:00:00', 'YYYY-MM-DD HH24:MI:SS'), TO_DATE('2026-07-15 00:00:00', 'YYYY-MM-DD HH24:MI:SS'), '....', 'Discharged');
INSERT INTO ADMISSIONS (PATIENT_ID, DOCTOR_ID, ROOM_ID, ADMISSION_DATE, DISCHARGE_DATE, ADMISSION_REASON, STATUS) VALUES (5, 6, 1, TO_DATE('2026-07-15 00:00:00', 'YYYY-MM-DD HH24:MI:SS'), TO_DATE('2026-07-15 00:00:00', 'YYYY-MM-DD HH24:MI:SS'), '....', 'Discharged');
INSERT INTO ADMISSIONS (PATIENT_ID, DOCTOR_ID, ROOM_ID, ADMISSION_DATE, DISCHARGE_DATE, ADMISSION_REASON, STATUS) VALUES (10, 8, 10, TO_DATE('2026-07-15 00:00:00', 'YYYY-MM-DD HH24:MI:SS'), TO_DATE('2026-07-17 00:00:00', 'YYYY-MM-DD HH24:MI:SS'), '...', 'Discharged');
INSERT INTO ADMISSIONS (PATIENT_ID, DOCTOR_ID, ROOM_ID, ADMISSION_DATE, DISCHARGE_DATE, ADMISSION_REASON, STATUS) VALUES (10, 1, 1, TO_DATE('2026-07-12 00:00:00', 'YYYY-MM-DD HH24:MI:SS'), TO_DATE('2026-07-17 00:00:00', 'YYYY-MM-DD HH24:MI:SS'), 'Observation and treatment', 'Discharged');
INSERT INTO ADMISSIONS (PATIENT_ID, DOCTOR_ID, ROOM_ID, ADMISSION_DATE, DISCHARGE_DATE, ADMISSION_REASON, STATUS) VALUES (11, 2, 2, TO_DATE('2026-07-11 00:00:00', 'YYYY-MM-DD HH24:MI:SS'), TO_DATE('2026-07-16 00:00:00', 'YYYY-MM-DD HH24:MI:SS'), 'Observation and treatment', 'Discharged');
INSERT INTO ADMISSIONS (PATIENT_ID, DOCTOR_ID, ROOM_ID, ADMISSION_DATE, DISCHARGE_DATE, ADMISSION_REASON, STATUS) VALUES (12, 3, 3, TO_DATE('2026-07-10 00:00:00', 'YYYY-MM-DD HH24:MI:SS'), NULL, 'Observation and treatment', 'Admitted');
INSERT INTO ADMISSIONS (PATIENT_ID, DOCTOR_ID, ROOM_ID, ADMISSION_DATE, DISCHARGE_DATE, ADMISSION_REASON, STATUS) VALUES (13, 4, 4, TO_DATE('2026-07-09 00:00:00', 'YYYY-MM-DD HH24:MI:SS'), TO_DATE('2026-07-14 00:00:00', 'YYYY-MM-DD HH24:MI:SS'), 'Observation and treatment', 'Discharged');
INSERT INTO ADMISSIONS (PATIENT_ID, DOCTOR_ID, ROOM_ID, ADMISSION_DATE, DISCHARGE_DATE, ADMISSION_REASON, STATUS) VALUES (14, 5, 5, TO_DATE('2026-07-08 00:00:00', 'YYYY-MM-DD HH24:MI:SS'), TO_DATE('2026-07-13 00:00:00', 'YYYY-MM-DD HH24:MI:SS'), 'Observation and treatment', 'Discharged');
INSERT INTO ADMISSIONS (PATIENT_ID, DOCTOR_ID, ROOM_ID, ADMISSION_DATE, DISCHARGE_DATE, ADMISSION_REASON, STATUS) VALUES (15, 6, 6, TO_DATE('2026-07-07 00:00:00', 'YYYY-MM-DD HH24:MI:SS'), TO_DATE('2026-07-16 00:00:00', 'YYYY-MM-DD HH24:MI:SS'), 'Observation and treatment', 'Discharged');
INSERT INTO ADMISSIONS (PATIENT_ID, DOCTOR_ID, ROOM_ID, ADMISSION_DATE, DISCHARGE_DATE, ADMISSION_REASON, STATUS) VALUES (16, 7, 7, TO_DATE('2026-07-06 00:00:00', 'YYYY-MM-DD HH24:MI:SS'), TO_DATE('2026-07-11 00:00:00', 'YYYY-MM-DD HH24:MI:SS'), 'Observation and treatment', 'Discharged');
INSERT INTO ADMISSIONS (PATIENT_ID, DOCTOR_ID, ROOM_ID, ADMISSION_DATE, DISCHARGE_DATE, ADMISSION_REASON, STATUS) VALUES (17, 8, 8, TO_DATE('2026-07-05 00:00:00', 'YYYY-MM-DD HH24:MI:SS'), TO_DATE('2026-07-10 00:00:00', 'YYYY-MM-DD HH24:MI:SS'), 'Observation and treatment', 'Discharged');
INSERT INTO ADMISSIONS (PATIENT_ID, DOCTOR_ID, ROOM_ID, ADMISSION_DATE, DISCHARGE_DATE, ADMISSION_REASON, STATUS) VALUES (18, 9, 9, TO_DATE('2026-07-04 00:00:00', 'YYYY-MM-DD HH24:MI:SS'), NULL, 'Observation and treatment', 'Admitted');
INSERT INTO ADMISSIONS (PATIENT_ID, DOCTOR_ID, ROOM_ID, ADMISSION_DATE, DISCHARGE_DATE, ADMISSION_REASON, STATUS) VALUES (19, 10, 10, TO_DATE('2026-07-03 00:00:00', 'YYYY-MM-DD HH24:MI:SS'), TO_DATE('2026-07-08 00:00:00', 'YYYY-MM-DD HH24:MI:SS'), 'Observation and treatment', 'Discharged');
INSERT INTO ADMISSIONS (PATIENT_ID, DOCTOR_ID, ROOM_ID, ADMISSION_DATE, DISCHARGE_DATE, ADMISSION_REASON, STATUS) VALUES (20, 11, 11, TO_DATE('2026-07-02 00:00:00', 'YYYY-MM-DD HH24:MI:SS'), TO_DATE('2026-07-07 00:00:00', 'YYYY-MM-DD HH24:MI:SS'), 'Observation and treatment', 'Discharged');
INSERT INTO ADMISSIONS (PATIENT_ID, DOCTOR_ID, ROOM_ID, ADMISSION_DATE, DISCHARGE_DATE, ADMISSION_REASON, STATUS) VALUES (21, 12, 12, TO_DATE('2026-07-01 00:00:00', 'YYYY-MM-DD HH24:MI:SS'), TO_DATE('2026-07-15 00:00:00', 'YYYY-MM-DD HH24:MI:SS'), 'Observation and treatment', 'Discharged');
INSERT INTO ADMISSIONS (PATIENT_ID, DOCTOR_ID, ROOM_ID, ADMISSION_DATE, DISCHARGE_DATE, ADMISSION_REASON, STATUS) VALUES (13, 1, 1, TO_DATE('2026-07-15 00:00:00', 'YYYY-MM-DD HH24:MI:SS'), TO_DATE('2026-07-16 00:00:00', 'YYYY-MM-DD HH24:MI:SS'), '....', 'Discharged');
INSERT INTO ADMISSIONS (PATIENT_ID, DOCTOR_ID, ROOM_ID, ADMISSION_DATE, DISCHARGE_DATE, ADMISSION_REASON, STATUS) VALUES (10, 8, 1, TO_DATE('2026-07-15 00:00:00', 'YYYY-MM-DD HH24:MI:SS'), NULL, '...', 'Admitted');

-- Data for table PATIENT_VISITS
INSERT INTO PATIENT_VISITS (APPOINTMENT_ID, PATIENT_ID, DOCTOR_ID, VISIT_DATE, SYMPTOMS, DIAGNOSIS, NOTES, FOLLOW_UP_DATE) VALUES (2, 1, 1, TO_DATE('2026-07-10 06:56:50', 'YYYY-MM-DD HH24:MI:SS'), 'Dry cough, mild fever', 'Bronchitis', 'Prescribed rest and fluids, review in a week', TO_DATE('2026-07-17 06:56:50', 'YYYY-MM-DD HH24:MI:SS'));
INSERT INTO PATIENT_VISITS (APPOINTMENT_ID, PATIENT_ID, DOCTOR_ID, VISIT_DATE, SYMPTOMS, DIAGNOSIS, NOTES, FOLLOW_UP_DATE) VALUES (3, 19, 10, TO_DATE('2026-07-12 06:57:05', 'YYYY-MM-DD HH24:MI:SS'), 'Headache, dizziness, mild nausea', 'Migraine', 'Advised hydration and pain relief, avoid screen time', NULL);
INSERT INTO PATIENT_VISITS (APPOINTMENT_ID, PATIENT_ID, DOCTOR_ID, VISIT_DATE, SYMPTOMS, DIAGNOSIS, NOTES, FOLLOW_UP_DATE) VALUES (4, 13, 4, TO_DATE('2026-07-08 06:57:13', 'YYYY-MM-DD HH24:MI:SS'), 'Red itchy rash on forearms', 'Contact dermatitis', 'Prescribed topical cream, avoid known irritant', TO_DATE('2026-07-20 06:57:13', 'YYYY-MM-DD HH24:MI:SS'));
INSERT INTO PATIENT_VISITS (APPOINTMENT_ID, PATIENT_ID, DOCTOR_ID, VISIT_DATE, SYMPTOMS, DIAGNOSIS, NOTES, FOLLOW_UP_DATE) VALUES (28, 10, 9, TO_DATE('2026-07-15 14:51:18', 'YYYY-MM-DD HH24:MI:SS'), 'sleep', '..', '...', TO_DATE('2026-07-18 00:00:00', 'YYYY-MM-DD HH24:MI:SS'));
INSERT INTO PATIENT_VISITS (APPOINTMENT_ID, PATIENT_ID, DOCTOR_ID, VISIT_DATE, SYMPTOMS, DIAGNOSIS, NOTES, FOLLOW_UP_DATE) VALUES (5, 1, 1, TO_DATE('2026-07-15 06:51:25', 'YYYY-MM-DD HH24:MI:SS'), 'Fever and fatigue', 'Viral infection', 'Advised rest and fluids', NULL);
INSERT INTO PATIENT_VISITS (APPOINTMENT_ID, PATIENT_ID, DOCTOR_ID, VISIT_DATE, SYMPTOMS, DIAGNOSIS, NOTES, FOLLOW_UP_DATE) VALUES (6, 4, 4, TO_DATE('2026-07-14 06:57:19', 'YYYY-MM-DD HH24:MI:SS'), 'Sore throat, difficulty swallowing', 'Pharyngitis', 'Prescribed antibiotics, salt water gargle recommended', TO_DATE('2026-07-22 06:57:19', 'YYYY-MM-DD HH24:MI:SS'));
INSERT INTO PATIENT_VISITS (APPOINTMENT_ID, PATIENT_ID, DOCTOR_ID, VISIT_DATE, SYMPTOMS, DIAGNOSIS, NOTES, FOLLOW_UP_DATE) VALUES (7, 1, 1, TO_DATE('2026-07-15 06:57:24', 'YYYY-MM-DD HH24:MI:SS'), 'None reported, feeling better', 'Recovered - bronchitis resolved', 'Symptoms resolved, no further action needed', NULL);
INSERT INTO PATIENT_VISITS (APPOINTMENT_ID, PATIENT_ID, DOCTOR_ID, VISIT_DATE, SYMPTOMS, DIAGNOSIS, NOTES, FOLLOW_UP_DATE) VALUES (8, 10, 1, TO_DATE('2026-07-08 00:00:00', 'YYYY-MM-DD HH24:MI:SS'), 'Fever and fatigued', 'Viral infection', 'Advised rest and fluids', TO_DATE('2026-07-22 00:00:00', 'YYYY-MM-DD HH24:MI:SS'));
INSERT INTO PATIENT_VISITS (APPOINTMENT_ID, PATIENT_ID, DOCTOR_ID, VISIT_DATE, SYMPTOMS, DIAGNOSIS, NOTES, FOLLOW_UP_DATE) VALUES (9, 11, 2, TO_DATE('2026-07-09 00:00:00', 'YYYY-MM-DD HH24:MI:SS'), 'Fever and fatigue', 'Viral infection', 'Advised rest and fluids', TO_DATE('2026-07-23 00:00:00', 'YYYY-MM-DD HH24:MI:SS'));
INSERT INTO PATIENT_VISITS (APPOINTMENT_ID, PATIENT_ID, DOCTOR_ID, VISIT_DATE, SYMPTOMS, DIAGNOSIS, NOTES, FOLLOW_UP_DATE) VALUES (10, 12, 3, TO_DATE('2026-07-10 00:00:00', 'YYYY-MM-DD HH24:MI:SS'), 'Fever and fatigue', 'Viral infection', 'Advised rest and fluids', TO_DATE('2026-07-24 00:00:00', 'YYYY-MM-DD HH24:MI:SS'));
INSERT INTO PATIENT_VISITS (APPOINTMENT_ID, PATIENT_ID, DOCTOR_ID, VISIT_DATE, SYMPTOMS, DIAGNOSIS, NOTES, FOLLOW_UP_DATE) VALUES (11, 13, 4, TO_DATE('2026-07-13 00:00:00', 'YYYY-MM-DD HH24:MI:SS'), 'Fever and fatigue', 'Viral infection', 'Advised rest and fluids', TO_DATE('2026-07-27 00:00:00', 'YYYY-MM-DD HH24:MI:SS'));
INSERT INTO PATIENT_VISITS (APPOINTMENT_ID, PATIENT_ID, DOCTOR_ID, VISIT_DATE, SYMPTOMS, DIAGNOSIS, NOTES, FOLLOW_UP_DATE) VALUES (12, 14, 5, TO_DATE('2026-07-12 00:00:00', 'YYYY-MM-DD HH24:MI:SS'), 'Fever and fatigue', 'Viral infection', 'Advised rest and fluids', TO_DATE('2026-07-26 00:00:00', 'YYYY-MM-DD HH24:MI:SS'));
INSERT INTO PATIENT_VISITS (APPOINTMENT_ID, PATIENT_ID, DOCTOR_ID, VISIT_DATE, SYMPTOMS, DIAGNOSIS, NOTES, FOLLOW_UP_DATE) VALUES (13, 15, 6, TO_DATE('2026-07-13 00:00:00', 'YYYY-MM-DD HH24:MI:SS'), 'Fever and fatigue', 'Viral infection', 'Advised rest and fluids', TO_DATE('2026-07-27 00:00:00', 'YYYY-MM-DD HH24:MI:SS'));
INSERT INTO PATIENT_VISITS (APPOINTMENT_ID, PATIENT_ID, DOCTOR_ID, VISIT_DATE, SYMPTOMS, DIAGNOSIS, NOTES, FOLLOW_UP_DATE) VALUES (14, 16, 7, TO_DATE('2026-07-14 00:00:00', 'YYYY-MM-DD HH24:MI:SS'), 'Fever and fatigue', 'Viral infection', 'Advised rest and fluids', TO_DATE('2026-07-28 00:00:00', 'YYYY-MM-DD HH24:MI:SS'));
INSERT INTO PATIENT_VISITS (APPOINTMENT_ID, PATIENT_ID, DOCTOR_ID, VISIT_DATE, SYMPTOMS, DIAGNOSIS, NOTES, FOLLOW_UP_DATE) VALUES (15, 17, 8, TO_DATE('2026-07-13 00:00:00', 'YYYY-MM-DD HH24:MI:SS'), 'Fever and fatigue', 'Viral infection', 'Advised rest and fluids', TO_DATE('2026-07-27 00:00:00', 'YYYY-MM-DD HH24:MI:SS'));
INSERT INTO PATIENT_VISITS (APPOINTMENT_ID, PATIENT_ID, DOCTOR_ID, VISIT_DATE, SYMPTOMS, DIAGNOSIS, NOTES, FOLLOW_UP_DATE) VALUES (16, 18, 9, TO_DATE('2026-07-16 00:00:00', 'YYYY-MM-DD HH24:MI:SS'), 'Fever and fatigue', 'Viral infection', 'Advised rest and fluids', TO_DATE('2026-07-30 00:00:00', 'YYYY-MM-DD HH24:MI:SS'));
INSERT INTO PATIENT_VISITS (APPOINTMENT_ID, PATIENT_ID, DOCTOR_ID, VISIT_DATE, SYMPTOMS, DIAGNOSIS, NOTES, FOLLOW_UP_DATE) VALUES (17, 19, 10, TO_DATE('2026-07-17 00:00:00', 'YYYY-MM-DD HH24:MI:SS'), 'Fever and fatigue', 'Viral infection', 'Advised rest and fluids', TO_DATE('2026-07-31 00:00:00', 'YYYY-MM-DD HH24:MI:SS'));
INSERT INTO PATIENT_VISITS (APPOINTMENT_ID, PATIENT_ID, DOCTOR_ID, VISIT_DATE, SYMPTOMS, DIAGNOSIS, NOTES, FOLLOW_UP_DATE) VALUES (18, 20, 11, TO_DATE('2026-07-18 00:00:00', 'YYYY-MM-DD HH24:MI:SS'), 'Fever and fatigue', 'Viral infection', 'Advised rest and fluids', TO_DATE('2026-08-01 00:00:00', 'YYYY-MM-DD HH24:MI:SS'));
INSERT INTO PATIENT_VISITS (APPOINTMENT_ID, PATIENT_ID, DOCTOR_ID, VISIT_DATE, SYMPTOMS, DIAGNOSIS, NOTES, FOLLOW_UP_DATE) VALUES (19, 21, 12, TO_DATE('2026-07-13 00:00:00', 'YYYY-MM-DD HH24:MI:SS'), 'Fever and fatigue', 'Viral infection', 'Advised rest and fluids', TO_DATE('2026-07-27 00:00:00', 'YYYY-MM-DD HH24:MI:SS'));
INSERT INTO PATIENT_VISITS (APPOINTMENT_ID, PATIENT_ID, DOCTOR_ID, VISIT_DATE, SYMPTOMS, DIAGNOSIS, NOTES, FOLLOW_UP_DATE) VALUES (21, 2, 2, TO_DATE('2026-07-13 00:00:00', 'YYYY-MM-DD HH24:MI:SS'), 'Chest pain, shortness of breath', 'Mild angina', 'Advised ECG and lifestyle changes', TO_DATE('2026-07-27 00:00:00', 'YYYY-MM-DD HH24:MI:SS'));
INSERT INTO PATIENT_VISITS (APPOINTMENT_ID, PATIENT_ID, DOCTOR_ID, VISIT_DATE, SYMPTOMS, DIAGNOSIS, NOTES, FOLLOW_UP_DATE) VALUES (22, 3, 3, TO_DATE('2026-07-10 00:00:00', 'YYYY-MM-DD HH24:MI:SS'), 'Joint pain and swelling', 'Osteoarthritis', 'Prescribed anti-inflammatory course', TO_DATE('2026-07-24 00:00:00', 'YYYY-MM-DD HH24:MI:SS'));
INSERT INTO PATIENT_VISITS (APPOINTMENT_ID, PATIENT_ID, DOCTOR_ID, VISIT_DATE, SYMPTOMS, DIAGNOSIS, NOTES, FOLLOW_UP_DATE) VALUES (24, 5, 5, TO_DATE('2026-07-14 00:00:00', 'YYYY-MM-DD HH24:MI:SS'), 'Headache and dizziness', 'Tension headache', 'Advised rest and hydration', TO_DATE('2026-07-28 00:00:00', 'YYYY-MM-DD HH24:MI:SS'));
INSERT INTO PATIENT_VISITS (APPOINTMENT_ID, PATIENT_ID, DOCTOR_ID, VISIT_DATE, SYMPTOMS, DIAGNOSIS, NOTES, FOLLOW_UP_DATE) VALUES (27, 8, 8, TO_DATE('2026-07-11 00:00:00', 'YYYY-MM-DD HH24:MI:SS'), 'Post-surgical pain', 'Normal healing progress', 'Wound healing well, continue dressing', TO_DATE('2026-07-25 00:00:00', 'YYYY-MM-DD HH24:MI:SS'));
INSERT INTO PATIENT_VISITS (APPOINTMENT_ID, PATIENT_ID, DOCTOR_ID, VISIT_DATE, SYMPTOMS, DIAGNOSIS, NOTES, FOLLOW_UP_DATE) VALUES (29, 11, 10, TO_DATE('2026-07-09 00:00:00', 'YYYY-MM-DD HH24:MI:SS'), 'Severe migraine', 'Chronic migraine', 'Prescribed preventive medication', TO_DATE('2026-07-23 00:00:00', 'YYYY-MM-DD HH24:MI:SS'));
INSERT INTO PATIENT_VISITS (APPOINTMENT_ID, PATIENT_ID, DOCTOR_ID, VISIT_DATE, SYMPTOMS, DIAGNOSIS, NOTES, FOLLOW_UP_DATE) VALUES (31, 13, 12, TO_DATE('2026-07-08 00:00:00', 'YYYY-MM-DD HH24:MI:SS'), 'Fever after vaccination', 'Normal vaccine reaction', 'Advised paracetamol if fever persists', TO_DATE('2026-07-22 00:00:00', 'YYYY-MM-DD HH24:MI:SS'));
INSERT INTO PATIENT_VISITS (APPOINTMENT_ID, PATIENT_ID, DOCTOR_ID, VISIT_DATE, SYMPTOMS, DIAGNOSIS, NOTES, FOLLOW_UP_DATE) VALUES (33, 15, 2, TO_DATE('2026-07-07 00:00:00', 'YYYY-MM-DD HH24:MI:SS'), 'Knee swelling and stiffness', 'Ligament strain', 'Recommended physiotherapy', TO_DATE('2026-07-21 00:00:00', 'YYYY-MM-DD HH24:MI:SS'));
INSERT INTO PATIENT_VISITS (APPOINTMENT_ID, PATIENT_ID, DOCTOR_ID, VISIT_DATE, SYMPTOMS, DIAGNOSIS, NOTES, FOLLOW_UP_DATE) VALUES (36, 18, 5, TO_DATE('2026-07-05 00:00:00', 'YYYY-MM-DD HH24:MI:SS'), 'High blood sugar levels', 'Type 2 Diabetes - uncontrolled', 'Adjusted medication dosage', TO_DATE('2026-07-19 00:00:00', 'YYYY-MM-DD HH24:MI:SS'));
INSERT INTO PATIENT_VISITS (APPOINTMENT_ID, PATIENT_ID, DOCTOR_ID, VISIT_DATE, SYMPTOMS, DIAGNOSIS, NOTES, FOLLOW_UP_DATE) VALUES (20, 1, 1, TO_DATE('2026-07-16 00:00:00', 'YYYY-MM-DD HH24:MI:SS'), 'Routine follow-up', 'Stable condition', 'Continue current treatment plan', TO_DATE('2026-08-14 00:00:00', 'YYYY-MM-DD HH24:MI:SS'));
INSERT INTO PATIENT_VISITS (APPOINTMENT_ID, PATIENT_ID, DOCTOR_ID, VISIT_DATE, SYMPTOMS, DIAGNOSIS, NOTES, FOLLOW_UP_DATE) VALUES (23, 4, 4, TO_DATE('2026-07-18 00:00:00', 'YYYY-MM-DD HH24:MI:SS'), 'Mild joint stiffness', 'Early arthritis signs', 'Recommended light exercise and monitoring', TO_DATE('2026-08-05 00:00:00', 'YYYY-MM-DD HH24:MI:SS'));
INSERT INTO PATIENT_VISITS (APPOINTMENT_ID, PATIENT_ID, DOCTOR_ID, VISIT_DATE, SYMPTOMS, DIAGNOSIS, NOTES, FOLLOW_UP_DATE) VALUES (1, 9, 8, TO_DATE('2026-07-15 10:59:21', 'YYYY-MM-DD HH24:MI:SS'), 'headache', 'sleep', '...', TO_DATE('2026-07-17 00:00:00', 'YYYY-MM-DD HH24:MI:SS'));

-- Data for table PRESCRIPTIONS
INSERT INTO PRESCRIPTIONS (VISIT_ID, PATIENT_ID, DOCTOR_ID, PRESCRIPTION_DATE, NOTES) VALUES (5, 1, 1, TO_DATE('2026-07-15 00:00:00', 'YYYY-MM-DD HH24:MI:SS'), 'sleep');
INSERT INTO PRESCRIPTIONS (VISIT_ID, PATIENT_ID, DOCTOR_ID, PRESCRIPTION_DATE, NOTES) VALUES (8, 10, 1, TO_DATE('2026-07-08 00:00:00', 'YYYY-MM-DD HH24:MI:SS'), 'Standard prescription notes');
INSERT INTO PRESCRIPTIONS (VISIT_ID, PATIENT_ID, DOCTOR_ID, PRESCRIPTION_DATE, NOTES) VALUES (9, 11, 2, TO_DATE('2026-07-09 00:00:00', 'YYYY-MM-DD HH24:MI:SS'), 'Standard prescription notes');
INSERT INTO PRESCRIPTIONS (VISIT_ID, PATIENT_ID, DOCTOR_ID, PRESCRIPTION_DATE, NOTES) VALUES (10, 12, 3, TO_DATE('2026-07-10 00:00:00', 'YYYY-MM-DD HH24:MI:SS'), 'Standard prescription notes');
INSERT INTO PRESCRIPTIONS (VISIT_ID, PATIENT_ID, DOCTOR_ID, PRESCRIPTION_DATE, NOTES) VALUES (11, 13, 4, TO_DATE('2026-07-13 00:00:00', 'YYYY-MM-DD HH24:MI:SS'), 'Standard prescription notes');
INSERT INTO PRESCRIPTIONS (VISIT_ID, PATIENT_ID, DOCTOR_ID, PRESCRIPTION_DATE, NOTES) VALUES (12, 14, 5, TO_DATE('2026-07-12 00:00:00', 'YYYY-MM-DD HH24:MI:SS'), 'Standard prescription notes');
INSERT INTO PRESCRIPTIONS (VISIT_ID, PATIENT_ID, DOCTOR_ID, PRESCRIPTION_DATE, NOTES) VALUES (13, 15, 6, TO_DATE('2026-07-13 00:00:00', 'YYYY-MM-DD HH24:MI:SS'), 'Standard prescription notes');
INSERT INTO PRESCRIPTIONS (VISIT_ID, PATIENT_ID, DOCTOR_ID, PRESCRIPTION_DATE, NOTES) VALUES (14, 16, 7, TO_DATE('2026-07-14 00:00:00', 'YYYY-MM-DD HH24:MI:SS'), 'Standard prescription notes');
INSERT INTO PRESCRIPTIONS (VISIT_ID, PATIENT_ID, DOCTOR_ID, PRESCRIPTION_DATE, NOTES) VALUES (15, 17, 8, TO_DATE('2026-07-13 00:00:00', 'YYYY-MM-DD HH24:MI:SS'), 'Standard prescription notes');
INSERT INTO PRESCRIPTIONS (VISIT_ID, PATIENT_ID, DOCTOR_ID, PRESCRIPTION_DATE, NOTES) VALUES (16, 18, 9, TO_DATE('2026-07-16 00:00:00', 'YYYY-MM-DD HH24:MI:SS'), 'Standard prescription notes');
INSERT INTO PRESCRIPTIONS (VISIT_ID, PATIENT_ID, DOCTOR_ID, PRESCRIPTION_DATE, NOTES) VALUES (17, 19, 10, TO_DATE('2026-07-17 00:00:00', 'YYYY-MM-DD HH24:MI:SS'), 'Standard prescription notes');
INSERT INTO PRESCRIPTIONS (VISIT_ID, PATIENT_ID, DOCTOR_ID, PRESCRIPTION_DATE, NOTES) VALUES (18, 20, 11, TO_DATE('2026-07-18 00:00:00', 'YYYY-MM-DD HH24:MI:SS'), 'Standard prescription notes');
INSERT INTO PRESCRIPTIONS (VISIT_ID, PATIENT_ID, DOCTOR_ID, PRESCRIPTION_DATE, NOTES) VALUES (19, 21, 12, TO_DATE('2026-07-13 00:00:00', 'YYYY-MM-DD HH24:MI:SS'), 'Standard prescription notes');
INSERT INTO PRESCRIPTIONS (VISIT_ID, PATIENT_ID, DOCTOR_ID, PRESCRIPTION_DATE, NOTES) VALUES (20, 2, 2, TO_DATE('2026-07-13 00:00:00', 'YYYY-MM-DD HH24:MI:SS'), 'Standard treatment course prescribed');
INSERT INTO PRESCRIPTIONS (VISIT_ID, PATIENT_ID, DOCTOR_ID, PRESCRIPTION_DATE, NOTES) VALUES (21, 3, 3, TO_DATE('2026-07-10 00:00:00', 'YYYY-MM-DD HH24:MI:SS'), 'Standard treatment course prescribed');
INSERT INTO PRESCRIPTIONS (VISIT_ID, PATIENT_ID, DOCTOR_ID, PRESCRIPTION_DATE, NOTES) VALUES (22, 5, 5, TO_DATE('2026-07-14 00:00:00', 'YYYY-MM-DD HH24:MI:SS'), 'Standard treatment course prescribed');
INSERT INTO PRESCRIPTIONS (VISIT_ID, PATIENT_ID, DOCTOR_ID, PRESCRIPTION_DATE, NOTES) VALUES (23, 8, 8, TO_DATE('2026-07-11 00:00:00', 'YYYY-MM-DD HH24:MI:SS'), 'Standard treatment course prescribed');
INSERT INTO PRESCRIPTIONS (VISIT_ID, PATIENT_ID, DOCTOR_ID, PRESCRIPTION_DATE, NOTES) VALUES (24, 11, 10, TO_DATE('2026-07-09 00:00:00', 'YYYY-MM-DD HH24:MI:SS'), 'Standard treatment course prescribed');
INSERT INTO PRESCRIPTIONS (VISIT_ID, PATIENT_ID, DOCTOR_ID, PRESCRIPTION_DATE, NOTES) VALUES (25, 13, 12, TO_DATE('2026-07-08 00:00:00', 'YYYY-MM-DD HH24:MI:SS'), 'Standard treatment course prescribed');
INSERT INTO PRESCRIPTIONS (VISIT_ID, PATIENT_ID, DOCTOR_ID, PRESCRIPTION_DATE, NOTES) VALUES (26, 15, 2, TO_DATE('2026-07-07 00:00:00', 'YYYY-MM-DD HH24:MI:SS'), 'Standard treatment course prescribed');
INSERT INTO PRESCRIPTIONS (VISIT_ID, PATIENT_ID, DOCTOR_ID, PRESCRIPTION_DATE, NOTES) VALUES (27, 18, 5, TO_DATE('2026-07-05 00:00:00', 'YYYY-MM-DD HH24:MI:SS'), 'Standard treatment course prescribed');
INSERT INTO PRESCRIPTIONS (VISIT_ID, PATIENT_ID, DOCTOR_ID, PRESCRIPTION_DATE, NOTES) VALUES (28, 1, 1, TO_DATE('2026-07-16 00:00:00', 'YYYY-MM-DD HH24:MI:SS'), 'Standard treatment course prescribed');
INSERT INTO PRESCRIPTIONS (VISIT_ID, PATIENT_ID, DOCTOR_ID, PRESCRIPTION_DATE, NOTES) VALUES (29, 4, 4, TO_DATE('2026-07-18 00:00:00', 'YYYY-MM-DD HH24:MI:SS'), 'Standard treatment course prescribed');
INSERT INTO PRESCRIPTIONS (VISIT_ID, PATIENT_ID, DOCTOR_ID, PRESCRIPTION_DATE, NOTES) VALUES (30, 9, 8, TO_DATE('2026-07-15 00:00:00', 'YYYY-MM-DD HH24:MI:SS'), '...');
INSERT INTO PRESCRIPTIONS (VISIT_ID, PATIENT_ID, DOCTOR_ID, PRESCRIPTION_DATE, NOTES) VALUES (7, 1, 1, TO_DATE('2026-07-15 00:00:00', 'YYYY-MM-DD HH24:MI:SS'), 'sleep');
INSERT INTO PRESCRIPTIONS (VISIT_ID, PATIENT_ID, DOCTOR_ID, PRESCRIPTION_DATE, NOTES) VALUES (4, 10, 9, TO_DATE('2026-07-15 00:00:00', 'YYYY-MM-DD HH24:MI:SS'), '....');

-- Data for table PRESCRIPTION_ITEMS
INSERT INTO PRESCRIPTION_ITEMS (PRESCRIPTION_ID, MEDICINE_ID, DOSAGE, FREQUENCY, DURATION_DAYS, INSTRUCTIONS) VALUES (24, 3, '500mg', '2', 3, 'after food');
INSERT INTO PRESCRIPTION_ITEMS (PRESCRIPTION_ID, MEDICINE_ID, DOSAGE, FREQUENCY, DURATION_DAYS, INSTRUCTIONS) VALUES (24, 10, '1', '1', 1, '...');
INSERT INTO PRESCRIPTION_ITEMS (PRESCRIPTION_ID, MEDICINE_ID, DOSAGE, FREQUENCY, DURATION_DAYS, INSTRUCTIONS) VALUES (1, 8, '3', '3', 3, 'more');
INSERT INTO PRESCRIPTION_ITEMS (PRESCRIPTION_ID, MEDICINE_ID, DOSAGE, FREQUENCY, DURATION_DAYS, INSTRUCTIONS) VALUES (6, 10, '1', '1', 1, 'before food');
INSERT INTO PRESCRIPTION_ITEMS (PRESCRIPTION_ID, MEDICINE_ID, DOSAGE, FREQUENCY, DURATION_DAYS, INSTRUCTIONS) VALUES (2, 2, '500mg', 'Twice daily', 7, 'After food');
INSERT INTO PRESCRIPTION_ITEMS (PRESCRIPTION_ID, MEDICINE_ID, DOSAGE, FREQUENCY, DURATION_DAYS, INSTRUCTIONS) VALUES (3, 3, '500mg', 'Twice daily', 7, 'After food');
INSERT INTO PRESCRIPTION_ITEMS (PRESCRIPTION_ID, MEDICINE_ID, DOSAGE, FREQUENCY, DURATION_DAYS, INSTRUCTIONS) VALUES (4, 4, '500mg', 'Twice daily', 7, 'After food');
INSERT INTO PRESCRIPTION_ITEMS (PRESCRIPTION_ID, MEDICINE_ID, DOSAGE, FREQUENCY, DURATION_DAYS, INSTRUCTIONS) VALUES (5, 5, '500mg', 'Twice daily', 7, 'After food');
INSERT INTO PRESCRIPTION_ITEMS (PRESCRIPTION_ID, MEDICINE_ID, DOSAGE, FREQUENCY, DURATION_DAYS, INSTRUCTIONS) VALUES (6, 6, '500mg', 'Twice daily', 7, 'After food');
INSERT INTO PRESCRIPTION_ITEMS (PRESCRIPTION_ID, MEDICINE_ID, DOSAGE, FREQUENCY, DURATION_DAYS, INSTRUCTIONS) VALUES (7, 7, '500mg', 'Twice daily', 7, 'After food');
INSERT INTO PRESCRIPTION_ITEMS (PRESCRIPTION_ID, MEDICINE_ID, DOSAGE, FREQUENCY, DURATION_DAYS, INSTRUCTIONS) VALUES (8, 8, '500mg', 'Twice daily', 7, 'After food');
INSERT INTO PRESCRIPTION_ITEMS (PRESCRIPTION_ID, MEDICINE_ID, DOSAGE, FREQUENCY, DURATION_DAYS, INSTRUCTIONS) VALUES (9, 9, '500mg', 'Twice daily', 7, 'After food');
INSERT INTO PRESCRIPTION_ITEMS (PRESCRIPTION_ID, MEDICINE_ID, DOSAGE, FREQUENCY, DURATION_DAYS, INSTRUCTIONS) VALUES (10, 10, '500mg', 'Twice daily', 7, 'After food');
INSERT INTO PRESCRIPTION_ITEMS (PRESCRIPTION_ID, MEDICINE_ID, DOSAGE, FREQUENCY, DURATION_DAYS, INSTRUCTIONS) VALUES (11, 11, '500mg', 'Twice daily', 7, 'After food');
INSERT INTO PRESCRIPTION_ITEMS (PRESCRIPTION_ID, MEDICINE_ID, DOSAGE, FREQUENCY, DURATION_DAYS, INSTRUCTIONS) VALUES (12, 12, '500mg', 'Twice daily', 7, 'After food');
INSERT INTO PRESCRIPTION_ITEMS (PRESCRIPTION_ID, MEDICINE_ID, DOSAGE, FREQUENCY, DURATION_DAYS, INSTRUCTIONS) VALUES (13, 13, '500mg', 'Twice daily', 7, 'After food');
INSERT INTO PRESCRIPTION_ITEMS (PRESCRIPTION_ID, MEDICINE_ID, DOSAGE, FREQUENCY, DURATION_DAYS, INSTRUCTIONS) VALUES (1, 3, '500mg', '1', 5, 'sleep');
INSERT INTO PRESCRIPTION_ITEMS (PRESCRIPTION_ID, MEDICINE_ID, DOSAGE, FREQUENCY, DURATION_DAYS, INSTRUCTIONS) VALUES (26, 6, '1', '1', 1, '...');

COMMIT;
END;