-- =============================================
-- Hospital Management System
-- Sample Data Script
-- Run AFTER create_tables.sql
-- =============================================

BEGIN
    -- DEPARTMENTS
    INSERT INTO DEPARTMENTS (DEPARTMENT_NAME, FLOOR_NO) VALUES ('Cardiology', 2);
    INSERT INTO DEPARTMENTS (DEPARTMENT_NAME, FLOOR_NO) VALUES ('Pediatrics', 1);
    INSERT INTO DEPARTMENTS (DEPARTMENT_NAME, FLOOR_NO) VALUES ('Emergency', 0);
    INSERT INTO DEPARTMENTS (DEPARTMENT_NAME, FLOOR_NO) VALUES ('Orthopedics', 3);
    INSERT INTO DEPARTMENTS (DEPARTMENT_NAME, FLOOR_NO) VALUES ('Neurology', 4);

    -- DOCTOR SPECIALTIES
    INSERT INTO DOCTOR_SPECIALTIES (SPECIALTY_NAME) VALUES ('Cardiologist');
    INSERT INTO DOCTOR_SPECIALTIES (SPECIALTY_NAME) VALUES ('Pediatrician');
    INSERT INTO DOCTOR_SPECIALTIES (SPECIALTY_NAME) VALUES ('General Surgeon');
    INSERT INTO DOCTOR_SPECIALTIES (SPECIALTY_NAME) VALUES ('Orthopedic Surgeon');
    INSERT INTO DOCTOR_SPECIALTIES (SPECIALTY_NAME) VALUES ('Neurologist');

    -- MEDICINE CATEGORIES
    INSERT INTO MEDICINE_CATEGORIES (CATEGORY_NAME) VALUES ('Antibiotic');
    INSERT INTO MEDICINE_CATEGORIES (CATEGORY_NAME) VALUES ('Painkiller');
    INSERT INTO MEDICINE_CATEGORIES (CATEGORY_NAME) VALUES ('Diabetes');
    INSERT INTO MEDICINE_CATEGORIES (CATEGORY_NAME) VALUES ('Blood Pressure');
    INSERT INTO MEDICINE_CATEGORIES (CATEGORY_NAME) VALUES ('Vitamin');

    -- APPOINTMENT STATUSES
    INSERT INTO APPOINTMENT_STATUSES (STATUS_NAME) VALUES ('Scheduled');
    INSERT INTO APPOINTMENT_STATUSES (STATUS_NAME) VALUES ('Completed');
    INSERT INTO APPOINTMENT_STATUSES (STATUS_NAME) VALUES ('Cancelled');
    INSERT INTO APPOINTMENT_STATUSES (STATUS_NAME) VALUES ('No Show');

    -- ROOMS
    INSERT INTO ROOMS (ROOM_NO, ROOM_TYPE, DAILY_RATE, STATUS) VALUES ('101', 'General', 50, 'Available');
    INSERT INTO ROOMS (ROOM_NO, ROOM_TYPE, DAILY_RATE, STATUS) VALUES ('102', 'General', 50, 'Available');
    INSERT INTO ROOMS (ROOM_NO, ROOM_TYPE, DAILY_RATE, STATUS) VALUES ('201', 'Private', 150, 'Available');
    INSERT INTO ROOMS (ROOM_NO, ROOM_TYPE, DAILY_RATE, STATUS) VALUES ('202', 'Private', 150, 'Available');
    INSERT INTO ROOMS (ROOM_NO, ROOM_TYPE, DAILY_RATE, STATUS) VALUES ('ICU-1', 'ICU', 500, 'Available');
    INSERT INTO ROOMS (ROOM_NO, ROOM_TYPE, DAILY_RATE, STATUS) VALUES ('ICU-2', 'ICU', 500, 'Available');

    COMMIT;
END;
/

BEGIN
    -- DOCTORS (10 doctors)
    INSERT INTO DOCTORS (FULL_NAME, DEPARTMENT_ID, SPECIALTY_ID, MOBILE_NO, EMAIL, CONSULTATION_FEE, STATUS)
    VALUES ('Dr. Ahmed Al Rashidi', 1, 1, '99001001', 'ahmed@alnoor.com', 30, 'Active');
    INSERT INTO DOCTORS (FULL_NAME, DEPARTMENT_ID, SPECIALTY_ID, MOBILE_NO, EMAIL, CONSULTATION_FEE, STATUS)
    VALUES ('Dr. Sara Al Balushi', 2, 2, '99001002', 'sara@alnoor.com', 25, 'Active');
    INSERT INTO DOCTORS (FULL_NAME, DEPARTMENT_ID, SPECIALTY_ID, MOBILE_NO, EMAIL, CONSULTATION_FEE, STATUS)
    VALUES ('Dr. Khalid Al Farsi', 3, 3, '99001003', 'khalid@alnoor.com', 35, 'Active');
    INSERT INTO DOCTORS (FULL_NAME, DEPARTMENT_ID, SPECIALTY_ID, MOBILE_NO, EMAIL, CONSULTATION_FEE, STATUS)
    VALUES ('Dr. Maryam Al Zaabi', 4, 4, '99001004', 'maryam@alnoor.com', 40, 'Active');
    INSERT INTO DOCTORS (FULL_NAME, DEPARTMENT_ID, SPECIALTY_ID, MOBILE_NO, EMAIL, CONSULTATION_FEE, STATUS)
    VALUES ('Dr. Omar Al Hinai', 5, 5, '99001005', 'omar@alnoor.com', 45, 'Active');
    INSERT INTO DOCTORS (FULL_NAME, DEPARTMENT_ID, SPECIALTY_ID, MOBILE_NO, EMAIL, CONSULTATION_FEE, STATUS)
    VALUES ('Dr. Fatima Al Siyabi', 1, 1, '99001006', 'fatima@alnoor.com', 30, 'Active');
    INSERT INTO DOCTORS (FULL_NAME, DEPARTMENT_ID, SPECIALTY_ID, MOBILE_NO, EMAIL, CONSULTATION_FEE, STATUS)
    VALUES ('Dr. Yusuf Al Kindi', 2, 2, '99001007', 'yusuf@alnoor.com', 25, 'Active');
    INSERT INTO DOCTORS (FULL_NAME, DEPARTMENT_ID, SPECIALTY_ID, MOBILE_NO, EMAIL, CONSULTATION_FEE, STATUS)
    VALUES ('Dr. Noura Al Brimi', 3, 3, '99001008', 'noura@alnoor.com', 35, 'Active');
    INSERT INTO DOCTORS (FULL_NAME, DEPARTMENT_ID, SPECIALTY_ID, MOBILE_NO, EMAIL, CONSULTATION_FEE, STATUS)
    VALUES ('Dr. Ali Al Maamari', 4, 4, '99001009', 'ali@alnoor.com', 40, 'Active');
    INSERT INTO DOCTORS (FULL_NAME, DEPARTMENT_ID, SPECIALTY_ID, MOBILE_NO, EMAIL, CONSULTATION_FEE, STATUS)
    VALUES ('Dr. Hessa Al Wahaibi', 5, 5, '99001010', 'hessa@alnoor.com', 45, 'Active');

    -- MEDICINES (20 medicines)
    INSERT INTO MEDICINES (MEDICINE_NAME, CATEGORY_ID, UNIT, CURRENT_STOCK, REORDER_LEVEL) VALUES ('Amoxicillin 500mg', 1, 'Tablet', 200, 50);
    INSERT INTO MEDICINES (MEDICINE_NAME, CATEGORY_ID, UNIT, CURRENT_STOCK, REORDER_LEVEL) VALUES ('Azithromycin 250mg', 1, 'Tablet', 30, 50);
    INSERT INTO MEDICINES (MEDICINE_NAME, CATEGORY_ID, UNIT, CURRENT_STOCK, REORDER_LEVEL) VALUES ('Paracetamol 500mg', 2, 'Tablet', 500, 100);
    INSERT INTO MEDICINES (MEDICINE_NAME, CATEGORY_ID, UNIT, CURRENT_STOCK, REORDER_LEVEL) VALUES ('Ibuprofen 400mg', 2, 'Tablet', 20, 50);
    INSERT INTO MEDICINES (MEDICINE_NAME, CATEGORY_ID, UNIT, CURRENT_STOCK, REORDER_LEVEL) VALUES ('Metformin 500mg', 3, 'Tablet', 300, 80);
    INSERT INTO MEDICINES (MEDICINE_NAME, CATEGORY_ID, UNIT, CURRENT_STOCK, REORDER_LEVEL) VALUES ('Insulin 100IU', 3, 'Injection', 10, 30);
    INSERT INTO MEDICINES (MEDICINE_NAME, CATEGORY_ID, UNIT, CURRENT_STOCK, REORDER_LEVEL) VALUES ('Amlodipine 5mg', 4, 'Tablet', 150, 40);
    INSERT INTO MEDICINES (MEDICINE_NAME, CATEGORY_ID, UNIT, CURRENT_STOCK, REORDER_LEVEL) VALUES ('Lisinopril 10mg', 4, 'Tablet', 25, 40);
    INSERT INTO MEDICINES (MEDICINE_NAME, CATEGORY_ID, UNIT, CURRENT_STOCK, REORDER_LEVEL) VALUES ('Vitamin C 1000mg', 5, 'Tablet', 400, 100);
    INSERT INTO MEDICINES (MEDICINE_NAME, CATEGORY_ID, UNIT, CURRENT_STOCK, REORDER_LEVEL) VALUES ('Vitamin D3 5000IU', 5, 'Tablet', 5, 50);
    INSERT INTO MEDICINES (MEDICINE_NAME, CATEGORY_ID, UNIT, CURRENT_STOCK, REORDER_LEVEL) VALUES ('Cetirizine 10mg', 2, 'Tablet', 180, 60);
    INSERT INTO MEDICINES (MEDICINE_NAME, CATEGORY_ID, UNIT, CURRENT_STOCK, REORDER_LEVEL) VALUES ('Omeprazole 20mg', 2, 'Tablet', 90, 60);
    INSERT INTO MEDICINES (MEDICINE_NAME, CATEGORY_ID, UNIT, CURRENT_STOCK, REORDER_LEVEL) VALUES ('Salbutamol Inhaler', 2, 'Inhaler', 15, 20);
    INSERT INTO MEDICINES (MEDICINE_NAME, CATEGORY_ID, UNIT, CURRENT_STOCK, REORDER_LEVEL) VALUES ('Prednisolone 5mg', 2, 'Tablet', 200, 50);
    INSERT INTO MEDICINES (MEDICINE_NAME, CATEGORY_ID, UNIT, CURRENT_STOCK, REORDER_LEVEL) VALUES ('Aspirin 100mg', 4, 'Tablet', 350, 80);
    INSERT INTO MEDICINES (MEDICINE_NAME, CATEGORY_ID, UNIT, CURRENT_STOCK, REORDER_LEVEL) VALUES ('Atorvastatin 20mg', 4, 'Tablet', 120, 40);
    INSERT INTO MEDICINES (MEDICINE_NAME, CATEGORY_ID, UNIT, CURRENT_STOCK, REORDER_LEVEL) VALUES ('Ciprofloxacin 500mg', 1, 'Tablet', 8, 30);
    INSERT INTO MEDICINES (MEDICINE_NAME, CATEGORY_ID, UNIT, CURRENT_STOCK, REORDER_LEVEL) VALUES ('Doxycycline 100mg', 1, 'Tablet', 60, 30);
    INSERT INTO MEDICINES (MEDICINE_NAME, CATEGORY_ID, UNIT, CURRENT_STOCK, REORDER_LEVEL) VALUES ('Glibenclamide 5mg', 3, 'Tablet', 100, 40);
    INSERT INTO MEDICINES (MEDICINE_NAME, CATEGORY_ID, UNIT, CURRENT_STOCK, REORDER_LEVEL) VALUES ('Multivitamin', 5, 'Tablet', 250, 70);

    COMMIT;
END;
/

BEGIN
    -- PATIENTS (20 patients)
    INSERT INTO PATIENTS (CIVIL_ID, FULL_NAME, GENDER, DATE_OF_BIRTH, MOBILE_NO, EMAIL, BLOOD_GROUP, ADDRESS)
    VALUES ('10010001', 'Mohammed Al Harthi', 'Male', DATE '1985-03-15', '91100001', 'm.harthi@gmail.com', 'O+', 'Muscat, Oman');
    INSERT INTO PATIENTS (CIVIL_ID, FULL_NAME, GENDER, DATE_OF_BIRTH, MOBILE_NO, EMAIL, BLOOD_GROUP, ADDRESS)
    VALUES ('10010002', 'Aisha Al Lawati', 'Female', DATE '1992-07-22', '91100002', 'aisha@gmail.com', 'A+', 'Muscat, Oman');
    INSERT INTO PATIENTS (CIVIL_ID, FULL_NAME, GENDER, DATE_OF_BIRTH, MOBILE_NO, EMAIL, BLOOD_GROUP, ADDRESS)
    VALUES ('10010003', 'Salim Al Amri', 'Male', DATE '1978-11-30', '91100003', 'salim@gmail.com', 'B+', 'Nizwa, Oman');
    INSERT INTO PATIENTS (CIVIL_ID, FULL_NAME, GENDER, DATE_OF_BIRTH, MOBILE_NO, EMAIL, BLOOD_GROUP, ADDRESS)
    VALUES ('10010004', 'Hind Al Shehi', 'Female', DATE '2001-05-10', '91100004', 'hind@gmail.com', 'AB+', 'Sohar, Oman');
    INSERT INTO PATIENTS (CIVIL_ID, FULL_NAME, GENDER, DATE_OF_BIRTH, MOBILE_NO, EMAIL, BLOOD_GROUP, ADDRESS)
    VALUES ('10010005', 'Tariq Al Busaidi', 'Male', DATE '1965-09-18', '91100005', 'tariq@gmail.com', 'O-', 'Salalah, Oman');
    INSERT INTO PATIENTS (CIVIL_ID, FULL_NAME, GENDER, DATE_OF_BIRTH, MOBILE_NO, EMAIL, BLOOD_GROUP, ADDRESS)
    VALUES ('10010006', 'Reem Al Kharousi', 'Female', DATE '1988-01-25', '91100006', 'reem@gmail.com', 'A-', 'Muscat, Oman');
    INSERT INTO PATIENTS (CIVIL_ID, FULL_NAME, GENDER, DATE_OF_BIRTH, MOBILE_NO, EMAIL, BLOOD_GROUP, ADDRESS)
    VALUES ('10010007', 'Faisal Al Rawahi', 'Male', DATE '1995-06-03', '91100007', 'faisal@gmail.com', 'B-', 'Muscat, Oman');
    INSERT INTO PATIENTS (CIVIL_ID, FULL_NAME, GENDER, DATE_OF_BIRTH, MOBILE_NO, EMAIL, BLOOD_GROUP, ADDRESS)
    VALUES ('10010008', 'Sumaiya Al Abri', 'Female', DATE '2005-12-14', '91100008', 'sumaiya@gmail.com', 'O+', 'Muscat, Oman');
    INSERT INTO PATIENTS (CIVIL_ID, FULL_NAME, GENDER, DATE_OF_BIRTH, MOBILE_NO, EMAIL, BLOOD_GROUP, ADDRESS)
    VALUES ('10010009', 'Badr Al Shaqsi', 'Male', DATE '1972-04-07', '91100009', 'badr@gmail.com', 'AB-', 'Ibri, Oman');
    INSERT INTO PATIENTS (CIVIL_ID, FULL_NAME, GENDER, DATE_OF_BIRTH, MOBILE_NO, EMAIL, BLOOD_GROUP, ADDRESS)
    VALUES ('10010010', 'Moza Al Harrasi', 'Female', DATE '1999-08-19', '91100010', 'moza@gmail.com', 'A+', 'Muscat, Oman');
    INSERT INTO PATIENTS (CIVIL_ID, FULL_NAME, GENDER, DATE_OF_BIRTH, MOBILE_NO, EMAIL, BLOOD_GROUP, ADDRESS)
    VALUES ('10010011', 'Hamad Al Mazrui', 'Male', DATE '1980-02-28', '91100011', 'hamad@gmail.com', 'O+', 'Muscat, Oman');
    INSERT INTO PATIENTS (CIVIL_ID, FULL_NAME, GENDER, DATE_OF_BIRTH, MOBILE_NO, EMAIL, BLOOD_GROUP, ADDRESS)
    VALUES ('10010012', 'Nadia Al Habsi', 'Female', DATE '1993-10-11', '91100012', 'nadia@gmail.com', 'B+', 'Muscat, Oman');
    INSERT INTO PATIENTS (CIVIL_ID, FULL_NAME, GENDER, DATE_OF_BIRTH, MOBILE_NO, EMAIL, BLOOD_GROUP, ADDRESS)
    VALUES ('10010013', 'Saif Al Wahaibi', 'Male', DATE '1968-07-04', '91100013', 'saif@gmail.com', 'A-', 'Sur, Oman');
    INSERT INTO PATIENTS (CIVIL_ID, FULL_NAME, GENDER, DATE_OF_BIRTH, MOBILE_NO, EMAIL, BLOOD_GROUP, ADDRESS)
    VALUES ('10010014', 'Mariam Al Rashdi', 'Female', DATE '1975-03-22', '91100014', 'mariam@gmail.com', 'O+', 'Muscat, Oman');
    INSERT INTO PATIENTS (CIVIL_ID, FULL_NAME, GENDER, DATE_OF_BIRTH, MOBILE_NO, EMAIL, BLOOD_GROUP, ADDRESS)
    VALUES ('10010015', 'Yaqoob Al Shukaili', 'Male', DATE '2003-09-30', '91100015', 'yaqoob@gmail.com', 'B+', 'Muscat, Oman');
    INSERT INTO PATIENTS (CIVIL_ID, FULL_NAME, GENDER, DATE_OF_BIRTH, MOBILE_NO, EMAIL, BLOOD_GROUP, ADDRESS)
    VALUES ('10010016', 'Zahra Al Maqbali', 'Female', DATE '1990-05-15', '91100016', 'zahra@gmail.com', 'AB+', 'Muscat, Oman');
    INSERT INTO PATIENTS (CIVIL_ID, FULL_NAME, GENDER, DATE_OF_BIRTH, MOBILE_NO, EMAIL, BLOOD_GROUP, ADDRESS)
    VALUES ('10010017', 'Nawaf Al Balushi', 'Male', DATE '1983-12-08', '91100017', 'nawaf@gmail.com', 'O-', 'Muscat, Oman');
    INSERT INTO PATIENTS (CIVIL_ID, FULL_NAME, GENDER, DATE_OF_BIRTH, MOBILE_NO, EMAIL, BLOOD_GROUP, ADDRESS)
    VALUES ('10010018', 'Samira Al Ghafri', 'Female', DATE '1997-06-27', '91100018', 'samira@gmail.com', 'A+', 'Muscat, Oman');
    INSERT INTO PATIENTS (CIVIL_ID, FULL_NAME, GENDER, DATE_OF_BIRTH, MOBILE_NO, EMAIL, BLOOD_GROUP, ADDRESS)
    VALUES ('10010019', 'Abdullah Al Saadi', 'Male', DATE '1960-11-01', '91100019', 'abdullah@gmail.com', 'B-', 'Muscat, Oman');
    INSERT INTO PATIENTS (CIVIL_ID, FULL_NAME, GENDER, DATE_OF_BIRTH, MOBILE_NO, EMAIL, BLOOD_GROUP, ADDRESS)
    VALUES ('10010020', 'Wafa Al Riyami', 'Female', DATE '2008-01-17', '91100020', 'wafa@gmail.com', 'O+', 'Muscat, Oman');

    COMMIT;
END;
/

BEGIN
    -- APPOINTMENTS (30 appointments)
    INSERT INTO APPOINTMENTS (PATIENT_ID, DOCTOR_ID, APPOINTMENT_DATE, APPOINTMENT_TIME, STATUS_ID, REASON_FOR_VISIT)
    VALUES (1, 1, SYSDATE+1, '09:00', 1, 'Chest pain');
    INSERT INTO APPOINTMENTS (PATIENT_ID, DOCTOR_ID, APPOINTMENT_DATE, APPOINTMENT_TIME, STATUS_ID, REASON_FOR_VISIT)
    VALUES (2, 2, SYSDATE+1, '09:30', 1, 'Child fever');
    INSERT INTO APPOINTMENTS (PATIENT_ID, DOCTOR_ID, APPOINTMENT_DATE, APPOINTMENT_TIME, STATUS_ID, REASON_FOR_VISIT)
    VALUES (3, 3, SYSDATE-1, '10:00', 2, 'Stomach pain');
    INSERT INTO APPOINTMENTS (PATIENT_ID, DOCTOR_ID, APPOINTMENT_DATE, APPOINTMENT_TIME, STATUS_ID, REASON_FOR_VISIT)
    VALUES (4, 4, SYSDATE-2, '10:30', 2, 'Knee pain');
    INSERT INTO APPOINTMENTS (PATIENT_ID, DOCTOR_ID, APPOINTMENT_DATE, APPOINTMENT_TIME, STATUS_ID, REASON_FOR_VISIT)
    VALUES (5, 5, SYSDATE-3, '11:00', 2, 'Headache');
    INSERT INTO APPOINTMENTS (PATIENT_ID, DOCTOR_ID, APPOINTMENT_DATE, APPOINTMENT_TIME, STATUS_ID, REASON_FOR_VISIT)
    VALUES (6, 1, SYSDATE-1, '11:30', 2, 'Blood pressure check');
    INSERT INTO APPOINTMENTS (PATIENT_ID, DOCTOR_ID, APPOINTMENT_DATE, APPOINTMENT_TIME, STATUS_ID, REASON_FOR_VISIT)
    VALUES (7, 2, SYSDATE-4, '08:00', 3, 'Allergy');
    INSERT INTO APPOINTMENTS (PATIENT_ID, DOCTOR_ID, APPOINTMENT_DATE, APPOINTMENT_TIME, STATUS_ID, REASON_FOR_VISIT)
    VALUES (8, 3, SYSDATE-5, '08:30', 2, 'Appendix pain');
    INSERT INTO APPOINTMENTS (PATIENT_ID, DOCTOR_ID, APPOINTMENT_DATE, APPOINTMENT_TIME, STATUS_ID, REASON_FOR_VISIT)
    VALUES (9, 4, SYSDATE-6, '09:00', 2, 'Back pain');
    INSERT INTO APPOINTMENTS (PATIENT_ID, DOCTOR_ID, APPOINTMENT_DATE, APPOINTMENT_TIME, STATUS_ID, REASON_FOR_VISIT)
    VALUES (10, 5, SYSDATE-7, '09:30', 4, 'Dizziness');
    INSERT INTO APPOINTMENTS (PATIENT_ID, DOCTOR_ID, APPOINTMENT_DATE, APPOINTMENT_TIME, STATUS_ID, REASON_FOR_VISIT)
    VALUES (11, 6, SYSDATE+2, '10:00', 1, 'Heart palpitations');
    INSERT INTO APPOINTMENTS (PATIENT_ID, DOCTOR_ID, APPOINTMENT_DATE, APPOINTMENT_TIME, STATUS_ID, REASON_FOR_VISIT)
    VALUES (12, 7, SYSDATE+2, '10:30', 1, 'Child vaccination');
    INSERT INTO APPOINTMENTS (PATIENT_ID, DOCTOR_ID, APPOINTMENT_DATE, APPOINTMENT_TIME, STATUS_ID, REASON_FOR_VISIT)
    VALUES (13, 8, SYSDATE-8, '11:00', 2, 'Hernia');
    INSERT INTO APPOINTMENTS (PATIENT_ID, DOCTOR_ID, APPOINTMENT_DATE, APPOINTMENT_TIME, STATUS_ID, REASON_FOR_VISIT)
    VALUES (14, 9, SYSDATE-9, '11:30', 2, 'Shoulder pain');
    INSERT INTO APPOINTMENTS (PATIENT_ID, DOCTOR_ID, APPOINTMENT_DATE, APPOINTMENT_TIME, STATUS_ID, REASON_FOR_VISIT)
    VALUES (15, 10, SYSDATE-10, '08:00', 2, 'Seizure history');
    INSERT INTO APPOINTMENTS (PATIENT_ID, DOCTOR_ID, APPOINTMENT_DATE, APPOINTMENT_TIME, STATUS_ID, REASON_FOR_VISIT)
    VALUES (16, 1, SYSDATE-11, '08:30', 3, 'Routine checkup');
    INSERT INTO APPOINTMENTS (PATIENT_ID, DOCTOR_ID, APPOINTMENT_DATE, APPOINTMENT_TIME, STATUS_ID, REASON_FOR_VISIT)
    VALUES (17, 2, SYSDATE-12, '09:00', 2, 'Rash');
    INSERT INTO APPOINTMENTS (PATIENT_ID, DOCTOR_ID, APPOINTMENT_DATE, APPOINTMENT_TIME, STATUS_ID, REASON_FOR_VISIT)
    VALUES (18, 3, SYSDATE-13, '09:30', 2, 'Gallstones');
    INSERT INTO APPOINTMENTS (PATIENT_ID, DOCTOR_ID, APPOINTMENT_DATE, APPOINTMENT_TIME, STATUS_ID, REASON_FOR_VISIT)
    VALUES (19, 4, SYSDATE-14, '10:00', 2, 'Hip replacement follow-up');
    INSERT INTO APPOINTMENTS (PATIENT_ID, DOCTOR_ID, APPOINTMENT_DATE, APPOINTMENT_TIME, STATUS_ID, REASON_FOR_VISIT)
    VALUES (20, 5, SYSDATE-15, '10:30', 2, 'Memory loss');
    INSERT INTO APPOINTMENTS (PATIENT_ID, DOCTOR_ID, APPOINTMENT_DATE, APPOINTMENT_TIME, STATUS_ID, REASON_FOR_VISIT)
    VALUES (1, 6, SYSDATE-16, '11:00', 2, 'Follow-up heart');
    INSERT INTO APPOINTMENTS (PATIENT_ID, DOCTOR_ID, APPOINTMENT_DATE, APPOINTMENT_TIME, STATUS_ID, REASON_FOR_VISIT)
    VALUES (2, 7, SYSDATE-17, '11:30', 4, 'Child cough');
    INSERT INTO APPOINTMENTS (PATIENT_ID, DOCTOR_ID, APPOINTMENT_DATE, APPOINTMENT_TIME, STATUS_ID, REASON_FOR_VISIT)
    VALUES (3, 8, SYSDATE-18, '08:00', 2, 'Wound checkup');
    INSERT INTO APPOINTMENTS (PATIENT_ID, DOCTOR_ID, APPOINTMENT_DATE, APPOINTMENT_TIME, STATUS_ID, REASON_FOR_VISIT)
    VALUES (4, 9, SYSDATE-19, '08:30', 2, 'Fracture checkup');
    INSERT INTO APPOINTMENTS (PATIENT_ID, DOCTOR_ID, APPOINTMENT_DATE, APPOINTMENT_TIME, STATUS_ID, REASON_FOR_VISIT)
    VALUES (5, 10, SYSDATE-20, '09:00', 2, 'Migraine');
    INSERT INTO APPOINTMENTS (PATIENT_ID, DOCTOR_ID, APPOINTMENT_DATE, APPOINTMENT_TIME, STATUS_ID, REASON_FOR_VISIT)
    VALUES (6, 1, SYSDATE+3, '09:30', 1, 'Arrhythmia');
    INSERT INTO APPOINTMENTS (PATIENT_ID, DOCTOR_ID, APPOINTMENT_DATE, APPOINTMENT_TIME, STATUS_ID, REASON_FOR_VISIT)
    VALUES (7, 2, SYSDATE+3, '10:00', 1, 'Child asthma');
    INSERT INTO APPOINTMENTS (PATIENT_ID, DOCTOR_ID, APPOINTMENT_DATE, APPOINTMENT_TIME, STATUS_ID, REASON_FOR_VISIT)
    VALUES (8, 3, SYSDATE+4, '10:30', 1, 'Hernia follow-up');
    INSERT INTO APPOINTMENTS (PATIENT_ID, DOCTOR_ID, APPOINTMENT_DATE, APPOINTMENT_TIME, STATUS_ID, REASON_FOR_VISIT)
    VALUES (9, 4, SYSDATE+4, '11:00', 1, 'Post-surgery checkup');
    INSERT INTO APPOINTMENTS (PATIENT_ID, DOCTOR_ID, APPOINTMENT_DATE, APPOINTMENT_TIME, STATUS_ID, REASON_FOR_VISIT)
    VALUES (10, 5, SYSDATE+5, '11:30', 1, 'Nerve pain');

    COMMIT;
END;
/

-- =============================================
-- NOTE: After running the above, check the
-- actual APPOINTMENT_IDs generated by running:
-- SELECT APPOINTMENT_ID, PATIENT_ID FROM APPOINTMENTS ORDER BY APPOINTMENT_ID;
-- Then use those IDs in the PATIENT_VISITS inserts below.
-- Replace the APPOINTMENT_ID values accordingly.
-- =============================================

BEGIN
    -- PATIENT VISITS (10 visits for completed appointments)
    INSERT INTO PATIENT_VISITS (APPOINTMENT_ID, PATIENT_ID, DOCTOR_ID, VISIT_DATE, SYMPTOMS, DIAGNOSIS, NOTES)
    VALUES (3, 3, 3, SYSDATE-1, 'Abdominal pain, nausea', 'Gastritis', 'Prescribed antacids and rest');
    INSERT INTO PATIENT_VISITS (APPOINTMENT_ID, PATIENT_ID, DOCTOR_ID, VISIT_DATE, SYMPTOMS, DIAGNOSIS, NOTES)
    VALUES (4, 4, 4, SYSDATE-2, 'Knee swelling, pain on movement', 'Knee ligament strain', 'Physiotherapy recommended');
    INSERT INTO PATIENT_VISITS (APPOINTMENT_ID, PATIENT_ID, DOCTOR_ID, VISIT_DATE, SYMPTOMS, DIAGNOSIS, NOTES)
    VALUES (5, 5, 5, SYSDATE-3, 'Severe headache, light sensitivity', 'Migraine', 'Prescribed pain relief');
    INSERT INTO PATIENT_VISITS (APPOINTMENT_ID, PATIENT_ID, DOCTOR_ID, VISIT_DATE, SYMPTOMS, DIAGNOSIS, NOTES)
    VALUES (6, 6, 1, SYSDATE-1, 'High blood pressure 160/100', 'Hypertension', 'Medication adjusted');
    INSERT INTO PATIENT_VISITS (APPOINTMENT_ID, PATIENT_ID, DOCTOR_ID, VISIT_DATE, SYMPTOMS, DIAGNOSIS, NOTES)
    VALUES (8, 8, 3, SYSDATE-5, 'Right lower abdomen pain', 'Appendicitis - early stage', 'Monitoring required');
    INSERT INTO PATIENT_VISITS (APPOINTMENT_ID, PATIENT_ID, DOCTOR_ID, VISIT_DATE, SYMPTOMS, DIAGNOSIS, NOTES)
    VALUES (9, 9, 4, SYSDATE-6, 'Lower back pain radiating to leg', 'Lumbar disc herniation', 'MRI ordered');
    INSERT INTO PATIENT_VISITS (APPOINTMENT_ID, PATIENT_ID, DOCTOR_ID, VISIT_DATE, SYMPTOMS, DIAGNOSIS, NOTES)
    VALUES (13, 13, 8, SYSDATE-8, 'Groin bulge, discomfort', 'Inguinal hernia', 'Surgery scheduled');
    INSERT INTO PATIENT_VISITS (APPOINTMENT_ID, PATIENT_ID, DOCTOR_ID, VISIT_DATE, SYMPTOMS, DIAGNOSIS, NOTES)
    VALUES (14, 14, 9, SYSDATE-9, 'Shoulder stiffness, pain lifting arm', 'Rotator cuff injury', 'Physiotherapy recommended');
    INSERT INTO PATIENT_VISITS (APPOINTMENT_ID, PATIENT_ID, DOCTOR_ID, VISIT_DATE, SYMPTOMS, DIAGNOSIS, NOTES)
    VALUES (15, 15, 10, SYSDATE-10, 'Two seizure episodes this month', 'Epilepsy', 'Anti-epileptic medication started');
    INSERT INTO PATIENT_VISITS (APPOINTMENT_ID, PATIENT_ID, DOCTOR_ID, VISIT_DATE, SYMPTOMS, DIAGNOSIS, NOTES)
    VALUES (18, 18, 3, SYSDATE-13, 'Right upper quadrant pain after eating', 'Gallstones', 'Surgery recommended');

    COMMIT;
END;
/

-- =============================================
-- NOTE: After running the above, check the
-- actual VISIT_IDs generated by running:
-- SELECT VISIT_ID, PATIENT_ID FROM PATIENT_VISITS ORDER BY VISIT_ID;
-- Then use those IDs in the PRESCRIPTIONS inserts below.
-- =============================================

BEGIN
    -- PRESCRIPTIONS (one per visit)
    INSERT INTO PRESCRIPTIONS (VISIT_ID, PATIENT_ID, DOCTOR_ID, PRESCRIPTION_DATE, NOTES)
    VALUES (1, 3, 3, SYSDATE-1, 'Take with food. Avoid spicy meals.');
    INSERT INTO PRESCRIPTIONS (VISIT_ID, PATIENT_ID, DOCTOR_ID, PRESCRIPTION_DATE, NOTES)
    VALUES (2, 4, 4, SYSDATE-2, 'Apply ice pack and rest the knee.');
    INSERT INTO PRESCRIPTIONS (VISIT_ID, PATIENT_ID, DOCTOR_ID, PRESCRIPTION_DATE, NOTES)
    VALUES (3, 5, 5, SYSDATE-3, 'Rest in quiet dark room. Avoid screens.');
    INSERT INTO PRESCRIPTIONS (VISIT_ID, PATIENT_ID, DOCTOR_ID, PRESCRIPTION_DATE, NOTES)
    VALUES (4, 6, 1, SYSDATE-1, 'Monitor blood pressure daily.');
    INSERT INTO PRESCRIPTIONS (VISIT_ID, PATIENT_ID, DOCTOR_ID, PRESCRIPTION_DATE, NOTES)
    VALUES (5, 8, 3, SYSDATE-5, 'Return immediately if pain worsens.');
    INSERT INTO PRESCRIPTIONS (VISIT_ID, PATIENT_ID, DOCTOR_ID, PRESCRIPTION_DATE, NOTES)
    VALUES (6, 9, 4, SYSDATE-6, 'Avoid lifting heavy objects.');
    INSERT INTO PRESCRIPTIONS (VISIT_ID, PATIENT_ID, DOCTOR_ID, PRESCRIPTION_DATE, NOTES)
    VALUES (7, 13, 8, SYSDATE-8, 'Pre-surgery instructions given.');
    INSERT INTO PRESCRIPTIONS (VISIT_ID, PATIENT_ID, DOCTOR_ID, PRESCRIPTION_DATE, NOTES)
    VALUES (8, 14, 9, SYSDATE-9, 'Avoid overhead arm movements.');
    INSERT INTO PRESCRIPTIONS (VISIT_ID, PATIENT_ID, DOCTOR_ID, PRESCRIPTION_DATE, NOTES)
    VALUES (9, 15, 10, SYSDATE-10, 'Do not skip medication.');
    INSERT INTO PRESCRIPTIONS (VISIT_ID, PATIENT_ID, DOCTOR_ID, PRESCRIPTION_DATE, NOTES)
    VALUES (10, 18, 3, SYSDATE-13, 'Low-fat diet until surgery.');

    COMMIT;
END;
/

-- =============================================
-- NOTE: After running the above, check the
-- actual PRESCRIPTION_IDs generated by running:
-- SELECT PRESCRIPTION_ID, VISIT_ID FROM PRESCRIPTIONS ORDER BY PRESCRIPTION_ID;
-- Then use those IDs in the PRESCRIPTION_ITEMS inserts below.
-- =============================================

BEGIN
    -- PRESCRIPTION ITEMS
    INSERT INTO PRESCRIPTION_ITEMS (PRESCRIPTION_ID, MEDICINE_ID, DOSAGE, FREQUENCY, DURATION_DAYS, INSTRUCTIONS)
    VALUES (1, 12, '20mg', 'Once daily', 14, 'Before breakfast');
    INSERT INTO PRESCRIPTION_ITEMS (PRESCRIPTION_ID, MEDICINE_ID, DOSAGE, FREQUENCY, DURATION_DAYS, INSTRUCTIONS)
    VALUES (1, 3, '500mg', 'Three times daily', 7, 'After meals');
    INSERT INTO PRESCRIPTION_ITEMS (PRESCRIPTION_ID, MEDICINE_ID, DOSAGE, FREQUENCY, DURATION_DAYS, INSTRUCTIONS)
    VALUES (2, 4, '400mg', 'Twice daily', 5, 'After food');
    INSERT INTO PRESCRIPTION_ITEMS (PRESCRIPTION_ID, MEDICINE_ID, DOSAGE, FREQUENCY, DURATION_DAYS, INSTRUCTIONS)
    VALUES (3, 3, '1000mg', 'Every 6 hours', 3, 'With water');
    INSERT INTO PRESCRIPTION_ITEMS (PRESCRIPTION_ID, MEDICINE_ID, DOSAGE, FREQUENCY, DURATION_DAYS, INSTRUCTIONS)
    VALUES (4, 7, '5mg', 'Once daily', 30, 'Same time each day');
    INSERT INTO PRESCRIPTION_ITEMS (PRESCRIPTION_ID, MEDICINE_ID, DOSAGE, FREQUENCY, DURATION_DAYS, INSTRUCTIONS)
    VALUES (4, 15, '100mg', 'Once daily', 30, 'With breakfast');
    INSERT INTO PRESCRIPTION_ITEMS (PRESCRIPTION_ID, MEDICINE_ID, DOSAGE, FREQUENCY, DURATION_DAYS, INSTRUCTIONS)
    VALUES (5, 3, '500mg', 'Three times daily', 5, 'After meals');
    INSERT INTO PRESCRIPTION_ITEMS (PRESCRIPTION_ID, MEDICINE_ID, DOSAGE, FREQUENCY, DURATION_DAYS, INSTRUCTIONS)
    VALUES (6, 4, '400mg', 'Twice daily', 7, 'After food');
    INSERT INTO PRESCRIPTION_ITEMS (PRESCRIPTION_ID, MEDICINE_ID, DOSAGE, FREQUENCY, DURATION_DAYS, INSTRUCTIONS)
    VALUES (9, 3, '500mg', 'Twice daily', 90, 'After meals');
    INSERT INTO PRESCRIPTION_ITEMS (PRESCRIPTION_ID, MEDICINE_ID, DOSAGE, FREQUENCY, DURATION_DAYS, INSTRUCTIONS)
    VALUES (10, 3, '500mg', 'Three times daily', 5, 'After meals');

    -- ADMISSIONS
    INSERT INTO ADMISSIONS (PATIENT_ID, DOCTOR_ID, ROOM_ID, ADMISSION_DATE, ADMISSION_REASON, STATUS)
    VALUES (3, 3, 1, SYSDATE-5, 'Gastritis requiring IV fluids', 'Admitted');
    INSERT INTO ADMISSIONS (PATIENT_ID, DOCTOR_ID, ROOM_ID, ADMISSION_DATE, ADMISSION_REASON, STATUS)
    VALUES (5, 5, 5, SYSDATE-3, 'Severe migraine, observation needed', 'Admitted');
    INSERT INTO ADMISSIONS (PATIENT_ID, DOCTOR_ID, ROOM_ID, ADMISSION_DATE, DISCHARGE_DATE, ADMISSION_REASON, STATUS)
    VALUES (8, 3, 2, SYSDATE-5, SYSDATE-2, 'Appendicitis surgery', 'Discharged');
    INSERT INTO ADMISSIONS (PATIENT_ID, DOCTOR_ID, ROOM_ID, ADMISSION_DATE, ADMISSION_REASON, STATUS)
    VALUES (13, 8, 3, SYSDATE-8, 'Hernia surgery preparation', 'Admitted');
    INSERT INTO ADMISSIONS (PATIENT_ID, DOCTOR_ID, ROOM_ID, ADMISSION_DATE, DISCHARGE_DATE, ADMISSION_REASON, STATUS)
    VALUES (15, 10, 4, SYSDATE-10, SYSDATE-7, 'Epilepsy monitoring', 'Discharged');

    -- UPDATE ROOM STATUS
    UPDATE ROOMS SET STATUS = 'Occupied' WHERE ROOM_ID IN (1, 5, 3);

    COMMIT;
END;
/
